auction_id,"Seller ID","Seller Name","Seller DBA","Seller Address","Seller City","Seller State","Seller Zip","Seller Contact","Seller Phone","Buyer ID","Buyer Name","Buyer DBA","Buyer Address","Buyer City","Buyer State","Buyer Zip","Buyer Contact","Buyer Phone","Price Charged to Customer",VIN,"Vehicle Year","Vehicle Make","Vehicle Model","Vehicle Trim","Vehicle Class","Green Light","Payment Status","Pickup Slip Released","Does not Run","Starts and Dies","Fails to Move Forward or Reverse","Transmission Problem","4WD/Drivetrain Problem"
214430,6350,"Sandy Sansing Brookhaven LLC","Toyota of Brookhaven","890 Brookway Blvd",Brookhaven,MS,39601,"Prentiss Smith",601-823-7000,12282,"Harris Imports",,"4420 Government St",Mobile,AL,36693,"Alsie Harris",251-725-7330,200.0,2GTEC19T7X1520825,1999,GMC,Sierra,SLE,Pickup,0.0,ta_on_file,1,0,0,0,0,0
270471,4308,"ACV Auto",ACV,"For Pick up location please call 1-800-553-4070 option 6",Buffalo,NY,14203,"Jill Kazmierczak",716-418-8684,14145,"J and A Auto Center",,"211 Broadway St",Raynham,MA,02767,"Jason El Daccache",978-376-0067,575.0,JTEHH20V130191382,2003,Toyota,Rav4,Base,"Small Crossover/SUV",1.0,pending,0,0,0,0,1,0
274519,7242,"Courtesy Oldsmobile, Inc.","Jim Shorkey Auto Group","470 Arctic Street",Mckeesport,PA,15132,"Mike Opel",,17025,"Prime Honda",,"1575 VFW Parkway","West Roxbury",MA,02132,"Mark Hoch",6174697100,700.0,1FAHP2KT5AG101048,2010,Ford,Taurus,SHO,"Full-Size Car",1.0,picked_up,0,0,0,0,0,0
298845,161,"Towne Chrysler Dodge Jeep, Inc.",,"5130 Camp Road",Hamburg,NY,14075,"Mike Roeder",716-646-5200,15138,"Volkswagen of Orland Park",,"8920 West 159th Street","Orland Park",IL,60462,"Matt Huckstadt",708-428-5000,650.0,1C6RR7LGXGS357772,2016,Ram,1500,SLT,Pickup,1.0,pending,0,0,0,0,0,0
313842,4459,"Williams Toyota of Elmira (Vehicle Pickup @ J&R)",,"498 Glenmary Drive",Owego,NY,13831,"James Oppedisano","570-396-3810 Jess (J&R)",14063,"CarSoldier LLC",,"PO BOX 193",Oriskany,NY,13424,"Colin Smith",3154640636,125.0,1G6KD54Y7WU796213,1998,Cadillac,DeVille,Base,other,1.0,pending,0,0,0,0,0,0
318066,4879,"Haldeman Ford, Inc.","Haldeman Ford Subaru","607 NJ Highway 33",Trenton,NJ,08619,"Tim Lorang",609-586-7600,19150,"Great Bridge Auto Sales Corporation","Wine Automotive","343 North Battlefield Blvd, Suite 100",Chesapeake,VA,23320,"Jeffrey M. Wine",757-373-3693,225.0,WDBWK54F37F168544,2007,Mercedes-Benz,"SLK Class",SLK280,"Sporty Car",1.0,to_be_floored,1,0,0,0,0,0
317303,1134,"Albany B, LLC","BMW of South Albany","617 Route 9 West",Glenmont,NY,12077,"Kody Caulfield",518-463-3141,11360,"Mainstream Motors, LLC",,"559 Main St, Unit A",Plymouth,CT,06782,"Samy Ahmad",860-845-5252,100.0,1J4GA59177L121275,2007,Jeep,Wrangler,"Unlimited Sahara","Small Crossover/SUV",1.0,pending,0,0,0,0,0,0
317026,9136,"Pine Belt Enterprises, Inc.",,"1088 Route 88/ Ocean Ave",Lakewood,NJ,08701,"Shawn Maloney",732-523-5314,5750,"International Recovery Service, Inc.","500 Drive Now","6824 Frankford Avenue",Philadelphia,PA,19135,"Larry Laken",215-333-8800,100.0,YV4CZ982081435228,2008,Volvo,XC90,,"Large Luxury Crossover/SUV",1.0,,0,0,0,0,0,0
323441,2906,"Reydel Volkswagen",,"2034 Lincoln Highway",Edison,NJ,08817,"Mohamed Elkholy","732-287-2828-ASK FOR MOE",17168,"Glenside Auto Sales Company Inc",,"20 West Glenside Ave",Glenside,PA,19038,"Benjamin Catanese",215-884-4900,150.0,3VW1K7AJ2BM386870,2011,Volkswagen,Jetta,Base,"Small Car",1.0,pending,0,0,0,0,0,0
328685,4558,"Liberty Automotive, LTD","Liberty Toyota","4397 Route 130 South",Burlington,NJ,08016,"Rodney Bohler","609-386-6300 ext. 6413",10184,"Evergreen Subaru",,"774 Center Street",Auburn,ME,04210,"Christopher Dunn",207-786-8500,600.0,4S4BSAAC8F3224041,2015,Subaru,Outback,Base,"Large Crossover/SUV",1.0,to_be_floored,1,0,0,0,0,0
329918,4841,"Circle Chevrolet Co.","Circle Chevrolet","641 Shrewsbury Avenue",Shrewsbury,NJ,07702,"Scott Spadafora",732-741-3130,7651,"Top Gun Auto Body, LLC",,"7002 Tonnelle Avenue","North Bergen",NJ,07047,"Joseph Rivera",201-430-8747,125.0,2CNALPEW2A6246151,2010,Chevrolet,Equinox,LT,"Small Crossover/SUV",1.0,pending,0,0,0,0,0,0
331472,520,"Depaula Chevrolet, Inc.",,"1 Fairfield Ave",Albany,NY,12205,"Shawn Townsend","518-281-4413 (Shawn)",7651,"Top Gun Auto Body, LLC",,"7002 Tonnelle Avenue","North Bergen",NJ,07047,"Joseph Rivera",201-430-8747,275.0,JHMCP26749C016141,2009,Honda,Accord,EX,"Mid-Size Car",1.0,pending,0,0,0,0,0,0
307554,9176,"Lithia Orchard Park-H LLC","Lithia Honda ","3590 Southwestern Blvd","Orchard Park",NY,14127,"Clayton Fanning","(716) 778-2142",12836,"Elite Motor Cars",,"14609 miles ave",Cleveland,OH,44128,"Antonio Herrod",216-299-3898,325.0,1FAHP3F21CL131505,2012,Ford,Focus,SE,"Small Car",1.0,paid,1,0,0,0,0,0
339698,12004,"Somerset Motors Partnership","Lexus of Bridgewater","1550 Route 22 East",Bridgewater,NJ,08807,"Justin Wainwright",732-271-4000,17246,"JAH Motorsport Corp.",,"1870 Kuser Road",Trenton,NJ,08690,"Jose L. Heredia",609-249-4910,125.0,JTEES43A682032443,2008,Toyota,Highlander,Sport,"Large Crossover/SUV",1.0,pending,0,0,0,0,0,0
340185,17839,"Pacifico Ford, Inc.",,"6701 Essington Ave.",Philadelphia,PA,19153,"Jim Solomon",215-492-1700,17246,"JAH Motorsport Corp.",,"1870 Kuser Road",Trenton,NJ,08690,"Jose L. Heredia",609-249-4910,100.0,1FAHP2EW8BG106350,2011,Ford,Taurus,SEL,"Full-Size Car",1.0,pending,0,0,0,0,0,0
340442,4308,"ACV Auto",ACV,"For Pick up location please call 1-800-553-4070 option 6",Buffalo,NY,14203,"Jill Kazmierczak",716-418-8684,17246,"JAH Motorsport Corp.",,"1870 Kuser Road",Trenton,NJ,08690,"Jose L. Heredia",609-249-4910,575.0,5FNYF5H14GB019464,2016,Honda,Pilot,LX,"Large Crossover/SUV",1.0,pending,0,0,0,0,1,0
341738,17839,"Pacifico Ford, Inc.",,"6701 Essington Ave.",Philadelphia,PA,19153,"Jim Solomon",215-492-1700,3215,"Sho Case Auto, LLC","Sho Case Auto","556 RT 36",Belford,NJ,07718,"Arthur Liviev",908-692-0857,200.0,4T3ZK11A19U017851,2009,Toyota,Venza,,"Large Crossover/SUV",1.0,paid,1,0,0,0,0,0
343148,649,"Robert Basil, Inc","Robert Basil Buick GMC Cadillac","3475 Southwestern Blvd","Orchard Park",NY,14127,"Jeff Buck",716-667-2000,17783,"Steinle Chevrolet Buick",,"1014 East McPherson Highway",Clyde,OH,43410,"Brad Meade",419-547-9483,400.0,1GT120CG6BF225756,2011,GMC,"Sierra 2500",SLE,Pickup,1.0,paid,1,0,0,0,0,0
343894,13802,"LaFontaine CDJR of Fenton, Inc.","LaFontaine Used Car King","16555 Silver Parkway",Fenton,MI,48430,"Matt Jury",810-208-4822,4166,"Phil Steinle Chevrolet Buick, Inc.",,"2205 Hayes Ave",Sandusky,OH,44870,"Phil Steinle Jr",419-625-7000,275.0,1J8GR48K97C688616,2007,Jeep,"Grand Cherokee",Laredo,"Large Crossover/SUV",1.0,pending,0,0,0,0,0,0
344457,5904,"Danbury Auto Partnership","Honda of Danbury","102 Federal Road",Danbury,CT,06810,"Todd Lemay (Honda of Danbury)",203-730-5699,4166,"Phil Steinle Chevrolet Buick, Inc.",,"2205 Hayes Ave",Sandusky,OH,44870,"Phil Steinle Jr",419-625-7000,725.0,2FMDK49C18BA90393,2008,Ford,Edge,Limited,"Large Crossover/SUV",1.0,pending,0,0,0,0,0,0
345229,5265,"Tony Domiano Auto Dealerships Inc","Tony Domiano Chrysler Jeep Dodge","940 Scranton Carbondale Highway",Archbald,PA,18403,"Tony Domiano Jr.",570-876-6000,10556,"Edison Auto Sales","Edison Nissan","401 Route 1 South",Edison,NJ,08817,"Samuel Moncayo",732-867-0400,250.0,2C3CDXGJ6JH332289,2018,Dodge,Charger,"R/T 392","Full-Size Car",1.0,pending,0,0,0,0,0,0
347303,2179,"Cortland Chrysler Dodge Jeep, Inc.",,"3878 West Road",Cortland,NY,13045,"Jeffery Geiger",315-930-4680,10184,"Evergreen Subaru",,"774 Center Street",Auburn,ME,04210,"Christopher Dunn",207-786-8500,600.0,WAUF2AFC9EN140860,2014,Audi,S6,Prestige,"Luxury Car",1.0,to_be_floored,0,0,0,0,0,0
347746,3168,"Bob Gillingham Ford Inc",,"8383 Brook Park Rd",Cleveland,OH,44129,"Mike Spencer",216-398-1300,10611,"Medcalf Motors LLC","Truck World","12491 sw highway 54",Augusta,KS,67010,"Craig Medcalf",316-733-2126,1025.0,1FTPW14575KE92627,2005,Ford,F150,Lariat,Pickup,1.0,error,0,0,0,0,0,0
349584,402,"Haddad Motor Group, Inc.","Haddad Toyota","1030 State Route 20","New Lebanon",NY,12125,"Joe Scibelli","518-221-3448 Call Butch for Pi",7651,"Top Gun Auto Body, LLC",,"7002 Tonnelle Avenue","North Bergen",NJ,07047,"Joseph Rivera",201-430-8747,250.0,5TDKK4CC8AS331276,2010,Toyota,Sienna,LE,Minivan,1.0,pending,0,0,0,0,0,0
351495,1890,"Sun Auto Warehouse of Cortland",,"3870 State Route 281",Cortland,NY,13045,"Peter Detor","315-350-7155 (Kenny)",13768,"Mashal International, LLC","Car Bargain","187 West Shirley Ave",Warrenton,VA,20186,"Dorota Khan",540-349-5000,525.0,1D4HB38N84F123534,2004,Dodge,Durango,ST,"Large Crossover/SUV",1.0,pending,0,0,0,0,0,0
351387,5004,"MB Toms, LLC","Matt Blatt Kia of Toms River","1070 Route 37 West","Toms River",NJ,08757,"Henry Bryk",732-281-0000,9003,"King Richards' Auto Center",,"801 Taunton Ave","East Providence",RI,02914,"Richard Palumbo",401-434-6985,400.0,1J4PN2GK2BW574919,2011,Jeep,Liberty,Sport,"Small Crossover/SUV",1.0,deposited,1,0,0,0,0,0
348810,4308,"ACV Auto",ACV,"For Pick up location please call 1-800-553-4070 option 6",Buffalo,NY,14203,"Jill Kazmierczak",716-418-8684,20382,"Car City LLC",,"202 S Main Street","East Windsor",CT,06088,"David Hamadi",860-386-6876,,WAUSF78K39N039636,2009,Audi,A4,"Premium Plus","2009 Audi A4 Premium Plus",1.0,paid,1,0,0,0,0,0
353665,1889,"Sun Chevrolet, Inc",,"7542 Lakeport Road",Chittenango,NY,13037,"Peter Detor","315-350-7155 KENNY",152,"River Front Auto Sales","The Auto Store","6499 South Transit Road",Lockport,NY,14094,"John Mancuso",716-625-6205,300.0,1C4RJFAG5DC506012,2013,Jeep,"Grand Cherokee",Laredo,"Large Crossover/SUV",1.0,pending,0,0,0,0,0,0
353118,4880,"Lithia of Troy, LLC ","Carbone Subaru","800 Hoosick Road",Troy,NY,12180,"Fred L. Diamond",518-279-5079,3197,"Goldline Auto, LLC","Goldline Auto, LLC","447 Court Street",Binghamton,NY,13904,"Ozzie Tezel",607-624-8020,275.0,JF1GG685X5H808996,2005,Subaru,Impreza,Outback,"Small Car",1.0,pending,0,0,0,0,0,0
353984,20358,"TURNER-JOHNSON DODGE, INC","JOHNSON DODGE CHRYSLER JEEP RAM","1210 HWY 39 NORTH",Meridian,MS,39301,"TURNER-JOHNSON DODGE, INC",800-236-5738,19727,"Key Truck Sales, Inc.",,"2716 N. Main St",Baytown,TX,77521,"John Keeler",281-427-7528,650.0,3D7MS48C65G778121,2005,Dodge,"Ram 3500",SLT,Pickup,1.0,pending,0,0,0,0,0,0
355749,2205,"Fayetteville Dodge",,"5427 North Burdick Street",Fayetteville,NY,13066,"Chris Atwater",,18527,"HPB Auto, LLC","Indianapolis Trucks ","9431 Threel Road",Indianapolis,IN,46240,"Robert Herr (RJ)",317-538-0754,800.0,1GCGTBE39F1207980,2015,Chevrolet,Colorado,LT,Pickup,1.0,error,0,0,0,0,0,0
355792,402,"Haddad Motor Group, Inc.","Haddad Toyota","1030 State Route 20","New Lebanon",NY,12125,"Joe Scibelli","518-221-3448 Call Butch for Pi",3461,"Enfield Street Auto Sales",,"907 Enfield St",Enfield,CT,06082,"Vincent Bergamini",860-253-0556,175.0,5TBBV54148S518821,2008,Toyota,Tundra,SR5,Pickup,1.0,pending,0,0,0,0,0,0
355786,402,"Haddad Motor Group, Inc.","Haddad Toyota","1030 State Route 20","New Lebanon",NY,12125,"Joe Scibelli","518-221-3448 Call Butch for Pi",3461,"Enfield Street Auto Sales",,"907 Enfield St",Enfield,CT,06082,"Vincent Bergamini",860-253-0556,175.0,JTKKT624260153533,2006,Scion,xA,Base,"Small Car",0.0,pending,0,0,0,0,0,0
356726,5679,"Par K Enterprises, Inc.",,"825 South First Street",Fulton,NY,13069,"Thomas Gilbo",315-598-8118,1721,"Macrocar Sales",,"957 Canton Rd",Akron,OH,44312,"Milan Jokic",330-989-8843,500.0,WDBRH81J65F684948,2005,Mercedes-Benz,"C Class",C240,"Luxury Car",1.0,pending,0,0,0,0,0,0
355774,191,"1135 Millersport Highway LLC","Northtown Toyota Volkswagen Scion","1135 Millersport Highway",Buffalo,NY,14226,"Dave Martin",716-836-4600,7854,"Elliott Motors, Inc.",,"14391 Highway 460 West",Ezel,KY,41425,"Sidney Allen",606-359-2399,675.0,JTLKT334850194742,2005,Scion,xB,Base,"Small Car",1.0,pending,0,0,0,0,0,0
357039,15156,"Adirondack Trnsportain III LLC","Della Subaru Of Plattsburgh","170 Luzerne Road",Queensbury,NY,12804,"Joe Ruddy","518-361-1591 Phil for Pick up",9003,"King Richards' Auto Center",,"801 Taunton Ave","East Providence",RI,02914,"Richard Palumbo",401-434-6985,350.0,JF1GH63688H814667,2008,Subaru,Impreza,Outback,"Small Car",1.0,ta_on_file,0,0,0,0,0,0
357004,15945,"Gene Langan VW",,"816 New London Turnpike",Glastonbury,CT,06033,"Chris Tornaquindici",860-633-0261,9003,"King Richards' Auto Center",,"801 Taunton Ave","East Providence",RI,02914,"Richard Palumbo",401-434-6985,175.0,1FADP3F27DL354079,2013,Ford,Focus,SE,"Small Car",1.0,ta_on_file,0,0,0,0,0,0
357031,1889,"Sun Chevrolet, Inc",,"7542 Lakeport Road",Chittenango,NY,13037,"Peter Detor","315-350-7155 KENNY",9003,"King Richards' Auto Center",,"801 Taunton Ave","East Providence",RI,02914,"Richard Palumbo",401-434-6985,450.0,JM1CW2CL8C0142596,2012,Mazda,Mazda5,Touring,"Small Car",1.0,ta_on_file,0,0,0,0,0,0
354203,10362,"DCH NY Motors LLC","DCH Wappingers Falls Toyota Auto Group","1349 Route 9","Wappingers Falls",NY,12590,"Karl Boye",845-296-4207,8728,"Gas On The Run Inc",,"1075 Newman ave",Seekonk,MA,02771,"Zouhir Sendian",5086399425,500.0,4T1BE46K39U899173,2009,Toyota,Camry,LE,"Mid-Size Car",1.0,approved,0,1,0,0,0,0
355610,16519,"Tasca Automotive Group CT East, Inc.","Tasca Ford - CT","250 Webster Square Road",Berlin,CT,06037,"Michael Katsounakis",860-828-3546,8810,"Komplete Auto",,"4975 Auburn Road",Utica,MI,48317,"Kasie Goolsby",586-254-6630,950.0,1FDSE35F13HA63702,2003,Ford,"Commercial Vans",E350,"Full-Size Van",0.0,pending,0,0,0,1,0,0
357389,14624,"Liberty Ford Lincoln, Inc. ",,"1423 Tuscarawas St West",Canton,OH,44702,"Mitch Ury",330-456-2781,5783,"Cardinal Auto Sales",,"5429 Fayetteville Road",Raleigh,NC,27603,"Hassan Mohamed",919-523-0033,675.0,1FBNE31LX9DA58824,2009,Ford,"E350 Vans",XLT,"Full-Size Van",1.0,ta_on_file,0,0,0,0,0,0
357068,3190,"Botnick Chevrolet",,"179-83 Front Street",Binghamton,NY,13905,"Jason Bales",607-723-8971,13768,"Mashal International, LLC","Car Bargain","187 West Shirley Ave",Warrenton,VA,20186,"Dorota Khan",540-349-5000,450.0,1GDJG31U141193824,2004,GMC,"Commercial Vans","G3500 Series","Full-Size Van",1.0,pending,0,0,0,0,0,0
357257,18132,"Ed Martin Nissan Of Fishers",,"13397 Britton Park Road",Fishers,IN,46038,"Ryan Greenberg",317-863-2424,12629,"BP Automotive","DBA Car Direct Sales","2829 Old Rochester Rd",Springfield,IL,62703,"Bp Automotive Dba Car Direct Sales",217-361-8160,350.0,3D4PG5FV8AT107587,2010,Dodge,Journey,SXT,"Large Crossover/SUV",1.0,paid,1,0,0,0,0,0
354306,4841,"Circle Chevrolet Co.","Circle Chevrolet","641 Shrewsbury Avenue",Shrewsbury,NJ,07702,"Scott Spadafora",732-741-3130,17281,"Ed Auto Sales, Inc.",,"907-11 Broadway ",Newark,NJ,07104,Edwin,973-482-0028,125.0,5NMSH73E89H287764,2009,Hyundai,"Santa Fe",SE,"Small Crossover/SUV",1.0,pending,0,0,0,0,0,0
356861,14234,"Andy Mohr Chevrolet, Inc.",,"2712 East Main St.",Plainfield,IN,46168,"Gib Branthoover",,7854,"Elliott Motors, Inc.",,"14391 Highway 460 West",Ezel,KY,41425,"Sidney Allen",606-359-2399,400.0,1GTEK19T95E168040,2005,GMC,"Sierra 1500",SLT,Pickup,1.0,pending,0,0,0,0,0,0
356678,2430,"Canandaigua Motors, Inc.","Canandaigua Chrysler Dodge Jeep","2591 Rochester Road",Canandaigua,NY,14424,"Jeff Kesel",585-394-3440,9148,"National Wide Motors, Inc.",,"9001 Pendleton Pike",Indianapolis,IN,46236,"Yadira Garcia",317-875-1002,775.0,5N1AR18BX9C602403,2009,Nissan,Pathfinder,S,"Large Crossover/SUV",1.0,pending,0,0,0,0,0,0
357901,3835,"Burlington Chevrolet, Inc.","Burlington Chevrolet","105 East Route 130 South",Burlington,NJ,08016,"Terry Killo",609-227-4562,19150,"Great Bridge Auto Sales Corporation","Wine Automotive","343 North Battlefield Blvd, Suite 100",Chesapeake,VA,23320,"Jeffrey M. Wine",757-373-3693,450.0,1HGCR2F32FA031108,2015,Honda,Accord,LX,"Mid-Size Car",1.0,to_be_floored,0,0,0,0,0,0
357978,11286,"Keller Chevrolet Inc.",,"3600 Genesee St",Buffalo,NY,14225,"Dean Jackson",716-912-0620,13768,"Mashal International, LLC","Car Bargain","187 West Shirley Ave",Warrenton,VA,20186,"Dorota Khan",540-349-5000,525.0,2T1BR32E15C329070,2005,Toyota,Corolla,CE,"Small Car",1.0,pending,0,0,0,0,0,0
357980,2046,"Mike Basil Motors, Inc.","Basil Toyota","6157 South Transit Road",Lockport,NY,14094,"Ryan Hunter",716-625-8444,4166,"Phil Steinle Chevrolet Buick, Inc.",,"2205 Hayes Ave",Sandusky,OH,44870,"Phil Steinle Jr",419-625-7000,425.0,5N1AN08W56C531941,2006,Nissan,Xterra,SE,"Small Crossover/SUV",1.0,pending,0,0,0,0,0,0
357993,4879,"Haldeman Ford, Inc.","Haldeman Ford Subaru","607 NJ Highway 33",Trenton,NJ,08619,"Tim Lorang",609-586-7600,19150,"Great Bridge Auto Sales Corporation","Wine Automotive","343 North Battlefield Blvd, Suite 100",Chesapeake,VA,23320,"Jeffrey M. Wine",757-373-3693,425.0,1FM5K7B88DGA86422,2013,Ford,Explorer,Base,"Large Crossover/SUV",1.0,to_be_floored,0,0,0,0,0,0
358057,13336,"King Coal Chevrolet Company",,"1508 East Main St","Oak Hill",WV,25901,"Chase Barton",304-469-2901,19150,"Great Bridge Auto Sales Corporation","Wine Automotive","343 North Battlefield Blvd, Suite 100",Chesapeake,VA,23320,"Jeffrey M. Wine",757-373-3693,525.0,1GTR2VE78CZ327329,2012,GMC,"Sierra 1500",SLE,Pickup,1.0,to_be_floored,0,0,0,0,0,0
357946,19497,"Bull Motor Company",,"224 Hwy 64 W",Wynne,AR,72396,"Brian Bull",8702382800,13113,"Jim Johnson ford",,"1838 south main st",Atmore,AL,36502,"Tommy Bailey",877-993-6739,575.0,3GCUKSEJ7EG331508,2014,Chevrolet,"Silverado 1500","LTZ Z71",Pickup,1.0,paid,1,0,0,0,0,0
358313,17052,"Richardson Enterprises, Inc.","Shore Toyota","4236 Black Horse Pike","Mays Landing",NJ,08330,"Nick Cantatore",609-645-2770,20451,"ESTRELLA NATIONAL AUTO LLC",,"510 SOUTH UNION ST",Lawrence,MA,01843,"Samuel Estrella",9788858383,475.0,JHMGE8G22AC034798,2010,Honda,Fit,Base,"Small Car",1.0,approved,0,0,0,0,0,0
358323,4239,"Able Ford of New Jersey, Inc.","All American Ford, Subaru & Isuzu","3698 Route 9 South","Old Bridge",NJ,08857,"Greg Pfeffer",732-212-6261,19150,"Great Bridge Auto Sales Corporation","Wine Automotive","343 North Battlefield Blvd, Suite 100",Chesapeake,VA,23320,"Jeffrey M. Wine",757-373-3693,475.0,3FA6P0H77ER371693,2014,Ford,Fusion,SE,"Mid-Size Car",1.0,to_be_floored,0,0,0,0,0,0
358364,4483,"Weisleder, Inc.","All American Ford Point Pleasant","3306 Bridge Avenue","Point Pleasant Beach",NJ,08742,"Greg Pfeffer",732-892-4200,19150,"Great Bridge Auto Sales Corporation","Wine Automotive","343 North Battlefield Blvd, Suite 100",Chesapeake,VA,23320,"Jeffrey M. Wine",757-373-3693,475.0,WD3PE7CC7B5533882,2011,Mercedes-Benz,"2500 Sprinter Vans","High Roof","Full-Size Van",1.0,to_be_floored,0,0,0,0,0,0
358558,3372,"3900 Sheridan Drive, LLC","Northtown Kia","3900 Sheridan Drive",Buffalo,NY,14226,"Kevin Hahn",716-217-2390,20533,"Art Auto Sales",,"450 Baltimore Summerset Rd",Baltimore,OH,43105,"Mack Hanna",614-301-8759,475.0,JM3ER293480177299,2008,Mazda,CX-7,,"Small Crossover/SUV",1.0,pending,0,0,0,0,0,0
358463,13336,"King Coal Chevrolet Company",,"1508 East Main St","Oak Hill",WV,25901,"Chase Barton",304-469-2901,19150,"Great Bridge Auto Sales Corporation","Wine Automotive","343 North Battlefield Blvd, Suite 100",Chesapeake,VA,23320,"Jeffrey M. Wine",757-373-3693,525.0,2GCEK13C671704567,2007,Chevrolet,"Silverado 1500",LS,Pickup,1.0,to_be_floored,0,0,0,0,0,0
335110,715,"C. Basil Ford, Inc",,"1540 Walden Ave",Buffalo,NY,14225,"Robert Petroffski",716-893-1000,5402,"Ron Marhofer Auto Mall","Ron Marhofer Hyundai/Lincoln/Mitsubishi","1350 Main St","Cuyahoga Falls",OH,44221,"Greg Marquart",330-940-4010,350.0,KMHTC6AE3DU128177,2016,Hyundai,Veloster,Turbo,other,1.0,,0,0,0,0,0,0
358903,17005,"Dutch Miller of Charlotte, Inc.","Dutch Miller Kia","7725 South Blvd",Charlotte,NC,28273,"Brody Taylor",704-522-8422,16095,"StraightWay Motors, LLC",,"1408 East Main St ",Lincolnton,NC,28092,"Toren G Gordon",704-232-5748,125.0,KNAFE221695025950,2009,Kia,Spectra,SX,"Small Car",1.0,pending,0,0,0,0,0,0
358508,5707,"Dale Motor Corp","Precision Acura of Princeton","3001 Route 1 South","Lawrence Township",NJ,08648,"Scott Christian",609-895-0600,5317,"Ronald Zappia, Inc.",,"78 Route 46 East",Lodi,NJ,07644,"John Gareffa",973-773-9791,150.0,2HNYD2H22BH535171,2011,Acura,MDX,Base,"Large Luxury Crossover/SUV",1.0,pending,0,0,0,0,0,0
359382,15777,"Chapman Ford of Lancaster",,"5201 Manheim Pike","East Petersburg",PA,17520,"Tom Evans ",717-299-4331,5222,"Ryan Phelps Auto Sales, LLC",,"9328 Oswego Rd",Phoenix,NY,13135,"Ryan J. Phelps",315-529-1992,425.0,1GKFK66U26J135408,2006,GMC,"Yukon XL","1500 Denali","Large Crossover/SUV",1.0,paid,1,0,0,0,0,0
359056,7117,"Malloy Winchester, LLC","Malloy Ford","1911 Valley Avenue",Winchester,VA,22601,"Roy Funk",540-667-4434,19150,"Great Bridge Auto Sales Corporation","Wine Automotive","343 North Battlefield Blvd, Suite 100",Chesapeake,VA,23320,"Jeffrey M. Wine",757-373-3693,400.0,1FMHK8D82CGA66441,2012,Ford,Explorer,XLT,"Large Crossover/SUV",1.0,to_be_floored,0,0,0,0,0,0
358365,17052,"Richardson Enterprises, Inc.","Shore Toyota","4236 Black Horse Pike","Mays Landing",NJ,08330,"Nick Cantatore",609-645-2770,14111,"Merchants Auto Group",,"369 East Jackson St",Cicero,IN,46034,"Jeffrey Dennin",317-689-0010,850.0,4YDT24128ED422531,2014,KEYSTONE,BULLET,,"Recreational Vehicle",0.0,approved,1,0,0,0,0,0
358727,4944,"Paramus Ford, Inc.",,"520 River St",Paramus,NJ,07652,"Bryan Strozza",201-262-4900,19427,"New Wave Auto of Vineland LLC",,"2287 N Delsea Dr",Vineland,NJ,08360,Joe,8568394459,250.0,1FMYU93156KC81818,2006,Ford,Escape,XLT,"Small Crossover/SUV",1.0,pending,0,0,0,0,0,0
359082,901,"Metro Ford Sales, Inc",,"3601 State St",Schenectady,NY,12304,"James Tibbitts",518-382-1010,4362,"Route 9 Autos, LLC","Vix Auto Sales and Detailing","523 Park Ave",Worcester,MA,01603,"Nelson Scalzer",508-762-9373,275.0,1FMDK06W88GA24634,2008,Ford,"Taurus X",Limited,"Large Crossover/SUV",1.0,pending,0,0,0,0,0,0
359115,13892,"Muller Autos of Merrillville","Muller Acura  of Merrillville","3301 W Lincoln Hwy",Merrillville,IN,46410,"Glenn Muller",2194727000,4547,"Broadway Ford Hyundai, Inc.",,"1010 South Military Avenue","Green Bay",WI,54304,"Greg Schaff",920-499-3131,400.0,KM8JM12B68U896012,2008,Hyundai,Tucson,GLS,"Small Crossover/SUV",1.0,paid,1,0,0,0,0,0
359638,9510,"Route 206 Auto Group LLC","Kia of Sussex","20 Hampton House Rd",Newton,NJ,07860,"Jeff Debiase","973-383-1799 Kia",2431,"Kightlinger Auto Sales, Inc.",,"14469 Conneaut Lake Road",Meadville,PA,16335,"Thomas Kightlinger",814-382-1177,450.0,5XYZU3LA7DG106673,2013,Hyundai,"Santa Fe Sport",,"Small Crossover/SUV",1.0,approved,0,0,0,0,0,0
358902,9510,"Route 206 Auto Group LLC","Kia of Sussex","20 Hampton House Rd",Newton,NJ,07860,"Jeff Debiase","973-383-1799 Kia",19427,"New Wave Auto of Vineland LLC",,"2287 N Delsea Dr",Vineland,NJ,08360,Joe,8568394459,250.0,5NPET4AC9AH584111,2010,Hyundai,Sonata,GLS,"Mid-Size Car",1.0,pending,0,0,0,0,0,0
359776,11739,"Dachnowicz Automotive INC","Honda of Tarrytown","400 Oritani Drive",Blauvelt,NY,10913,"Gene Huxley (Honda Tarrytown)",914-631-0815,20311,"North Florence Auto Acq Inc",,"2354 Florence Blvd",Florence,AL,35630,"Jeff Feltner",256-766-7324,1075.0,1HGCR2F81GA105244,2016,Honda,Accord,EX-L,"Mid-Size Car",1.0,paid,1,0,0,0,0,0
359983,8139,"Planet Subaru, Inc.",,"596 Washington St",Hanover,MA,02339,"James Greene",781-826-4444,20879,"Wakefield auto sales of main st INC",,"611 Main st",Wakefield,MA,01880,"Kenneth Lussier",7812456640,125.0,JHLRD78472C043623,2002,Honda,CR-V,LX,"Small Crossover/SUV",1.0,to_be_floored,0,0,0,0,0,0
359571,20438,"Audi Jackson",,"5320 I-55 north",Jackson,MS,39211,"Justin bishop",6019879090,20517,"DARREL EVANS",,"3201 DEMETROPOLIS RD",Mobile,AL,36693,"Darrel Lamont Evans",2517098098,350.0,1FAHP3H22CL123121,2012,Ford,Focus,SEL,"Small Car",1.0,pending,0,0,0,0,0,0
359534,520,"Depaula Chevrolet, Inc.",,"1 Fairfield Ave",Albany,NY,12205,"Shawn Townsend","518-281-4413 (Shawn)",20327,"Christopher motors inc",,"1290 greenwich ave",Warwick,RI,02886,"George rizk",4017394545,325.0,JTDBR32E752052407,2005,Toyota,Corolla,LE,"Small Car",1.0,paid,1,0,0,0,0,0
354074,7414,"Kindle Ford Lincoln, Inc.","Kindle Ford Lincoln","525 Stone Harbor Blvd","Cape May Court House",NJ,08210,"Anthony Priest",609-778-1617,4363,"BMZ Motors LLC",,"218 Central Ave / PO Box 392","Island Heights",NJ,08732,"Matthew Zucaro","(732) 616-0802",175.0,1FMFU18LX3LB70786,2003,Ford,Expedition,"Eddie Bauer","Large Crossover/SUV",0.0,paid,1,0,0,0,0,0
359036,2433,"Enterprise Fleet Management Syracuse ",,"6701 Manlius Center Road","East Syracuse",NY,13057,"Jason Bolt",315-415-2607,12857,"Route 33 Auto Sales, LLC","World Volkswagen","4075 Highway 33",Neptune,NJ,07753,"Justin Simcox",732-922-1500,425.0,1FTEW1EP7JFC29922,2018,Ford,F150,XLT,Pickup,1.0,paid,1,0,0,0,0,0
359898,1297,"Wholesale Cars Online, LLC","Sun Auto Warehouse","8010 Brewerton Road",Cicero,NY,13039,"Peter Detor","315-350-7155 KENNY",18563,"Auttumn's Automotive, LLC",,"27 Maiden Lane",Lisbon,NY,13658,"Anthony Foti",315-323-7156,250.0,4M2CU91158KJ42318,2008,Mercury,Mariner,Base,"Small Crossover/SUV",0.0,paid,1,0,0,0,0,0
359912,1889,"Sun Chevrolet, Inc",,"7542 Lakeport Road",Chittenango,NY,13037,"Peter Detor","315-350-7155 KENNY",18563,"Auttumn's Automotive, LLC",,"27 Maiden Lane",Lisbon,NY,13658,"Anthony Foti",315-323-7156,275.0,1D7HA18K94J153610,2004,Dodge,"Ram 1500",ST,Pickup,1.0,paid,1,0,0,0,0,0
356144,2042,"Farnsworth Chevrolet, Inc.",,"2350 Rochester Road",Canandaigua,NY,14424,"Ben Tomion",585-394-2360,18228,"Yireh Auto Sales LLC",,"15 Harrison Place ",Clifton,NJ,07011,"Franklin Liriano",856-455-5910,425.0,KL1TD66617B758483,2007,Chevrolet,Aveo,LS,"Small Car",1.0,paid,1,0,0,0,0,0
359977,8139,"Planet Subaru, Inc.",,"596 Washington St",Hanover,MA,02339,"James Greene",781-826-4444,17658,"Y & H Auto Planet, LLC",,"3565 NY 43","West Sand Lake",NY,12196,"Mohammad A. Basit",518-821-0553,325.0,JTDKB20U973205178,2007,Toyota,Prius,,"Small Car",1.0,paid,1,0,0,0,0,0
359941,3821,"Kia of Stamford / GGL, LLC",,"263 Selleck St",Stamford,CT,06902,"Robert Ricucci (Stm Subaru & Kia)",203-883-8888,3670,"Perez Auto Group LLC","Little Motors","363 Central Avenue",Albany,NY,12206,"Alex Perez",518-462-1633,250.0,JH4KA9655YC006219,2000,Acura,3.5RL,,"Luxury Car",1.0,paid,1,0,0,0,0,0
359946,3821,"Kia of Stamford / GGL, LLC",,"263 Selleck St",Stamford,CT,06902,"Robert Ricucci (Stm Subaru & Kia)",203-883-8888,3670,"Perez Auto Group LLC","Little Motors","363 Central Avenue",Albany,NY,12206,"Alex Perez",518-462-1633,250.0,KNDJC733645236333,2004,Kia,Sorento,EX,"Large Crossover/SUV",1.0,paid,1,0,0,0,0,0
359948,10587,"Lexus of Northborough",,"14 Belmont St",Northborough,MA,01532,"Scott Bedell",508-870-3222,3670,"Perez Auto Group LLC","Little Motors","363 Central Avenue",Albany,NY,12206,"Alex Perez",518-462-1633,275.0,1GYEE637250116465,2005,Cadillac,SRX,,"Large Luxury Crossover/SUV",1.0,paid,1,0,0,0,0,0
359945,6382,"Subaru Stamford",,"198 Baxter Ave",Stamford,CT,06902,"Robert Ricucci (Stm Subaru & Kia)",203-962-4696,3670,"Perez Auto Group LLC","Little Motors","363 Central Avenue",Albany,NY,12206,"Alex Perez",518-462-1633,250.0,KNDJC736575681645,2007,Kia,Sorento,LX,"Large Crossover/SUV",1.0,paid,1,0,0,0,0,0
359953,5706,"Acton Lincoln Mercury, Inc.","Acton Chrysler Dodge Jeep Ram","196 Great Road",Acton,MA,01720,"Dennis Arsenault",978-263-7300,389,"Adam Auto Agency, LLC",,"27 Columbia Street",Rensselaer,NY,12144,"Farhan Bhatti",518-210-8645,275.0,5FNRL5H6XBB018272,2011,Honda,Odyssey,EX-L,Minivan,1.0,paid,1,0,0,0,0,0
359094,9562,"University Ford",,"600 Julian Carr St",Durham,NC,27701,"Chris Clark",919-629-9560,6607,"Majestic Painting & Restoration, Inc","Clean Car Sales","4517 wilkinson blvd",Gastonia,NC,28056,"Ilan Paltrow",7048796410,275.0,2G1WF52E839200724,2003,Chevrolet,Impala,Base,"Full-Size Car",1.0,paid,1,0,0,0,0,0
359796,6287,"Pine Belt Automotive, Inc.","Pine Belt Automotive ","229 Route 37 East","Toms River",NJ,08753,"Michael Nickerson",732-349-3030,2541,"Mohawk Auto Sales, Inc.","Mohawk Auto Center","756 State Street",Schenectady,NY,12307,"Thomas Lavallee",518-858-5429,375.0,1N4AA5AP4AC832134,2010,Nissan,Maxima,S,"Full-Size Car",1.0,paid,1,0,0,0,0,0
359461,10738,"Cooper Chevrolet, Inc",,"1300 South Quintard Avenue",Anniston,AL,36207,"Chad M. Pearson",256-236-4481,18848,"Golden City Auto Sales",,"901 West Highway 78","Villa Rica",GA,30180,"Terry Fernander",770-459-8714,125.0,1FAFP24166G124123,2006,Ford,"Five Hundred",SEL,"Full-Size Car",1.0,paid,1,0,0,0,0,0
360261,5751,"Nissan of Keene",,"544 Monadnock Highway",Swanzey,NH,03446,Tony,603-357-7945,6504,"TD Motor Leasing LLC",,"117 Van Duzer Street","Staten Island",NY,10301,"Eliahow Aflalo",917-375-2084,550.0,JN8AS5MV8AW138292,2010,Nissan,Rogue,S,"Small Crossover/SUV",1.0,paid,1,0,0,0,0,0
360260,427,"Haraden Motorcar Corp.","Mohawk Honda","175 Freemans Bridge Road",Schenectady,NY,12302,"Justin McGrath",518-370-4911,5075,"Dlawer A. Doski","Global Motors","115 Main Street",Binghamton,NY,13905,"Peko Doski",607-651-6203,250.0,5FNRL38285B061062,2005,Honda,Odyssey,LX,Minivan,1.0,paid,1,0,0,0,0,0
360329,1377,"Mullane Motors, Inc",,"6200 South Transit Road",Lockport,NY,14094,"Jeff Jakubowski",716-625-9191,14921,"WMW Motors, Inc.","Dave Warren Chrysler Dodge Jeep Ram","1001 Washington St",Jamestown,NY,14701,"Cregg Bernard",716-484-7125,225.0,2C4RC1BG3ER292464,2014,Chrysler,"Town & Country",Touring,Minivan,1.0,pending,0,0,0,0,0,0
360267,5900,"Colonial Motors","Colonial Toyota INC","470 Boston post Road",Milford,CT,06460,"Cindy Ha",2038787401,14905,"Washington Auto Repair",,"176 Jefferson St",Washington,NJ,07882,"Wasem Yazji",908-689-0610,250.0,1J4FA29155P334080,2005,Jeep,Wrangler,SE,"Small Crossover/SUV",1.0,paid,1,0,0,0,0,0
360290,427,"Haraden Motorcar Corp.","Mohawk Honda","175 Freemans Bridge Road",Schenectady,NY,12302,"Justin McGrath",518-370-4911,11399,"Ron's Auto Used Car Sales","Ron's Auto ","38 Mumford Drive","West Rutland",VT,05777,"Ronald Jensen",802-438-5434,200.0,3A8FY48B68T130081,2008,Chrysler,"PT Cruiser",Base,"Small Car",1.0,paid,1,0,0,0,0,0
360277,17967,"Tasca Automotive Group, Route 6 Two, Inc.","Tasca Kia","1660 - 1670 Hartford Ave.",Johnston,RI,02919,"Bruce E. Coppola",401-996-3055,3649,"Falcor Auto Sales Inc",,"373 Springfield Street",Agawam,MA,01001,"Jeff Daly",413-789-7407,200.0,5NMSH73E49H288538,2009,Hyundai,"Santa Fe",Limited,"Small Crossover/SUV",1.0,paid,1,0,0,0,0,0
360276,19090,"BETLEY CHEVROLET",,"50 N MAIN ST",Derry,NH,03038,"JOHN MACNEIL",603-434-1546,5308,"Corazon Auto Sales LLC",,"730 E 22nd St",Paterson,NJ,07504,"Daniel Morales",732-534-0695,375.0,1GCDT196958153071,2005,Chevrolet,Colorado,LS,Pickup,1.0,paid,1,0,0,0,0,0
360159,5512,"Ourisman Motors of Waldorf, LLC",,"2282 Crain Highway",Waldorf,MD,20601,"Larry Gowe","301-843-1234 ",19427,"New Wave Auto of Vineland LLC",,"2287 N Delsea Dr",Vineland,NJ,08360,Joe,8568394459,300.0,3VWDF71K46M747385,2006,Volkswagen,Jetta,Base,"Small Car",1.0,pending,0,0,0,0,0,0
360486,4558,"Liberty Automotive, LTD","Liberty Toyota","4397 Route 130 South",Burlington,NJ,08016,"Rodney Bohler","609-386-6300 ext. 6413",11828,"State Route 45 Auto LLC",,"5380 State Route 45",Leetonia,OH,44431,"Chad Thomas Blankenship",330-424-1444,525.0,1GNFK130X7J392261,2007,Chevrolet,Tahoe,LTZ,"Large Crossover/SUV",1.0,pending,0,0,0,0,0,0
360556,13576,"Bristol Auto, LLC","Toyota of Bristol","3045 West State St",Bristol,TN,37620,"Keith Perkins",423-764-3155,7701,"Staunton Motors, Inc.",,"638 Greenville Ave",Staunton,VA,24401,"Ramin Abdulaev",540-255-6258,375.0,2HKYF18424H531594,2004,Honda,Pilot,EX,"Large Crossover/SUV",1.0,paid,1,0,0,0,0,0
360128,427,"Haraden Motorcar Corp.","Mohawk Honda","175 Freemans Bridge Road",Schenectady,NY,12302,"Justin McGrath",518-370-4911,21,"Riverfront Auto Sales, Inc",,"1379 Niagara Street",Buffalo,NY,14213,"Martin Pecoraro",716-886-1626,425.0,4S4BRBCC7D3261626,2013,Subaru,Outback,Premium,"Large Crossover/SUV",1.0,paid,1,0,0,0,0,0
360591,929,"Scoville-Meno, Inc.","Scoville-Meno Honda","65 Oneida St",Oneonta,NY,13820,"David Kurtz",607-433-1251,18712,"F & Z AUTOS LLC",,"12 Marble Street",Manchester,CT,06042,"Fiaz Mohammad",6789097489,350.0,1N4AL2AP4AN552176,2010,Nissan,Altima,S,"Mid-Size Car",1.0,paid,1,0,0,0,0,0
360545,3832,"Smith Motor Company","Smith Motor Company ","359 NJ-31",Washington,NJ,07882,"Daniel Smith",908-835-8100,4180,"Discount Auto Sales",,"48 4th  Street",Passaic,NJ,07055,"Mehmet Arvasi",973-928-4848,150.0,1FMFU18L84LB54734,2004,Ford,Expedition,"Eddie Bauer","Large Crossover/SUV",1.0,paid,1,0,0,0,0,0
358871,161,"Towne Chrysler Dodge Jeep, Inc.",,"5130 Camp Road",Hamburg,NY,14075,"Mike Roeder",716-646-5200,13747,"Platinum Auto, LLC",,"999 South State St.",Jackson,MS,39201,"Christopher Albright",601-665-4703,1125.0,1G1ZB5E11BF253921,2011,Chevrolet,Malibu,LS,"Mid-Size Car",1.0,paid,1,0,0,0,0,0
360636,9934,"Della Buick GMC Cadillac, Inc.",,"170 Luzerne Road",Queensbury,NY,12804,"Joe Ruddy","518-331-5331 (Joe)",152,"River Front Auto Sales","The Auto Store","6499 South Transit Road",Lockport,NY,14094,"John Mancuso",716-625-6205,400.0,1J8HR58278C119081,2008,Jeep,"Grand Cherokee",Limited,"Large Crossover/SUV",1.0,pending,0,0,0,0,0,0
360625,9088,"Flemington ch bu gmc c llc","Flemington Buick Chevy GMC","211 rte 202 & 31 so",Flemington,NJ,08822,"Omar Bass",9087823331,20891,"AUTO GALLERY LLC",,"165 Route 46",Lodi,NJ,07644,"Paul Mascitelli",973-955-2550,125.0,5N1AA0NC9EN609856,2014,Nissan,Armada,Platinum,"Large Crossover/SUV",1.0,pending,0,0,0,0,0,0
359969,5186,"Tasca Automotive Group Inc","Tasca Ford","1300 Pontiac Avenue",Cranston,RI,02920,"Colton Capobianco",401-681-1300,5101,"wjp management","SOUTHEAST AUTOMOTIVE","201 SIMMONS AVE",Nashville,TN,37211,"Jeff Edwards",6152557000,1125.0,5UXWX5C51BL700121,2011,BMW,X3,XDrive28i,"Small Luxury Crossover/SUV",1.0,pending,0,0,0,0,0,0
360051,4903,"M7 Motors","Volkswagen of Streetsboro","855 Classic Drive",Streetsboro,OH,44241,"Dominic Cinalli",216-322-7888,14438,"5B Auto Sales LLC",,"13966 broad st sw",Pataskala,OH,43062,"Handel Bello",740-919-5511,250.0,5FNRL38737B449301,2007,Honda,Odyssey,EX-L,Minivan,1.0,paid,1,0,0,0,0,0
360793,520,"Depaula Chevrolet, Inc.",,"1 Fairfield Ave",Albany,NY,12205,"Shawn Townsend","518-281-4413 (Shawn)",11962,"Brascar, Inc.",,"9 Sharon Court",Bethel,CT,06801,"Lucas Miranda Carrijo","203-417-4909 (Roy)",250.0,2GKFLTEK1C6213097,2012,GMC,Terrain,SLE,"Small Crossover/SUV",1.0,paid,1,0,0,0,0,0
360302,5979,"Keeler Motor Car Co. H",,"1111 Troy-Schenectady Road",Latham,NY,12110,"Vincent Regels",518-785-4715,9165,"Anamaks Motors, LLC",,"195 Central Street",Hudson,NH,03051,"Viktor Pasternak",603-809-4196,350.0,1FADP3E21EL102203,2014,Ford,Focus,S,"Small Car",1.0,paid,1,0,0,0,0,0
360650,18737,"TED Automotive","Hyundai of Silsbee","4100 96 S Bypass",Silsbee,TX,77656,"Paul Johnson",4093736740,16849,"Jupiter Preowned Sales","Traditional Autos","10740 Forest Lane",Dallas,TX,75243,"Billy Bradford",972-272-7300,425.0,1D7HU16N53J605362,2003,Dodge,"Ram 1500",ST,Pickup,1.0,pending,0,0,0,0,0,0
360515,2352,"Patrick Buick GMC",,"4700 West Henrietta Road",Henrietta,NY,14467,"Larry Albertelli",585-359-2200,4315,"Brian M. Malchak",,"2272 Ridge Road","Mc Graw",NY,13101,"Brian M. Malchak",315-663-4025,225.0,1GCFG15X491117833,2009,Chevrolet,"G1500 Vans",Express,"Full-Size Van",0.0,paid,1,0,0,0,0,0
360884,18842,"NOYES VOLKSWAGEN",,"18 PRODUCTION AVE",Keene,NH,03431,"SPENCER NOYES",6033577220,6656,"Cox Auto Sales",,"3400 Kirkwood Highway",Wilmington,DE,19808,"Arthur Helmick",302-266-8100,475.0,1G1RD6E4XBU100167,2011,Chevrolet,Volt,,"Small Car",1.0,paid,1,0,0,0,0,0
360908,13769,"Zeigler Infiniti",,"8751 159th","Orland Park",IL,60462,"Anthony Manteca",7084034700,16407,"Allan Nott Enterprises, Inc.","Allan Nott Honda","3500 Elida Road",Lima,OH,45807,"Miles Byrne",419-331-0381,375.0,5FNYF4H58CB063376,2012,Honda,Pilot,EX-L,"Large Crossover/SUV",1.0,paid,1,0,0,0,0,0
360784,15548,"Walls Ford",,"2 Merrill St",Salisbury,MA,01952,"John Wall",978-462-6658,11399,"Ron's Auto Used Car Sales","Ron's Auto ","38 Mumford Drive","West Rutland",VT,05777,"Ronald Jensen",802-438-5434,300.0,1FAFP34N57W231793,2007,Ford,Focus,"ZX4 S","Small Car",1.0,paid,1,0,0,0,0,0
361001,20934,"southwest kia austin",,"13175 us hwy 183 n",Austin,TX,78750,"Brandon carlson",5125831900,16849,"Jupiter Preowned Sales","Traditional Autos","10740 Forest Lane",Dallas,TX,75243,"Billy Bradford",972-272-7300,325.0,1NXBR32E85Z544685,2005,Toyota,Corolla,S,"Small Car",1.0,paid,1,0,0,0,0,0
360895,5036,"Veader Auto Group","Bristol Toyota","2283 G.A.R. Highway/ US Route 6",Swansea,MA,02777,"Michael Hills",401-253-2100,5315,"MJ Traders LTD",,"610 River Drive",Garfield,NJ,07026,"Mark Gross",201-803-9784,325.0,JF1GE61668H519708,2008,Subaru,Impreza,Base,"Small Car",1.0,paid,1,0,0,0,0,0
360963,12560,"Chapman Chrysler Jeep Dodge",,"1100 Easton Road",Horsham,PA,19044,"Dave Mancinelli",215-674-3600,14531,"B & M Partners, LLC","B & M Partners, LLC","10115 Clarkes Road",Bealeton,VA,22712,"Nidal Motii",540-738-0989,350.0,KNALN4D78E5152077,2014,Kia,Cadenza,Premium,"Full-Size Car",1.0,pending,0,0,0,0,0,0
360380,1859,"Matthews Import Center, Inc","Matthews Kia Mazda Subaru","3013 Old Vestal Road",Vestal,NY,13850,"Dino Vitali",607-729-6261,4180,"Discount Auto Sales",,"48 4th  Street",Passaic,NJ,07055,"Mehmet Arvasi",973-928-4848,325.0,JTDBR32E842021763,2004,Toyota,Corolla,CE,"Small Car",1.0,paid,1,0,0,0,0,0
360929,5036,"Veader Auto Group","Bristol Toyota","2283 G.A.R. Highway/ US Route 6",Swansea,MA,02777,"Michael Hills",401-253-2100,4180,"Discount Auto Sales",,"48 4th  Street",Passaic,NJ,07055,"Mehmet Arvasi",973-928-4848,350.0,4T1BG22K91U085621,2001,Toyota,Camry,LE,"Mid-Size Car",1.0,paid,1,0,0,0,0,0
360871,402,"Haddad Motor Group, Inc.","Haddad Toyota","1030 State Route 20","New Lebanon",NY,12125,"Joe Scibelli","518-221-3448 Call Butch for Pi",8616,"Checker Flag Auto LLC",,"2029 Bristol Pike",Croydon,PA,19021,"Matt Calkap",215-785-2212,350.0,1FTPX14V69FB22121,2009,Ford,F150,XLT,Pickup,1.0,paid,1,0,0,0,0,0
360356,929,"Scoville-Meno, Inc.","Scoville-Meno Honda","65 Oneida St",Oneonta,NY,13820,"David Kurtz",607-433-1251,14727,"Mill Street Automotive, Inc.",,"9546 State Route 12",Remsen,NY,13438,"Paul Smith",315-796-2591,175.0,JF2SH64689H736347,2009,Subaru,Forester,"X Limited","Small Crossover/SUV",1.0,paid,1,0,0,0,0,0
361141,20934,"southwest kia austin",,"13175 us hwy 183 n",Austin,TX,78750,"Brandon carlson",5125831900,15349,"MCMC Auto Ltd.","Mike Carlson Motor Company","264 Exchange st",Burleson,TX,76028,"Mark Jones",817-529-7681,300.0,2T1BU4EE0BC567472,2011,Toyota,Corolla,LE,"Small Car",1.0,pending,0,0,0,0,0,0
361092,9130,"Mount Kisco Import Cars, LTD","Honda of Mount Kisco","650 Bedford Road","Bedford Hills",NY,10507,"Michael Gallagher (Mt Kisco Honda)",914-666-0030,6617,"Wolfe Automotive",,"544 Lancaster Ave",Malvern,PA,19355,"Brad Wolfe",484-325-0588,275.0,YV4SZ592461215722,2006,Volvo,XC70,Base,"Luxury Car",1.0,paid,1,0,0,0,0,0
361184,5706,"Acton Lincoln Mercury, Inc.","Acton Chrysler Dodge Jeep Ram","196 Great Road",Acton,MA,01720,"Dennis Arsenault",978-263-7300,11399,"Ron's Auto Used Car Sales","Ron's Auto ","38 Mumford Drive","West Rutland",VT,05777,"Ronald Jensen",802-438-5434,250.0,3G5DA03E13S584810,2003,Buick,Rendezvous,CX,"Large Crossover/SUV",1.0,paid,1,0,0,0,0,0
359374,3821,"Kia of Stamford / GGL, LLC",,"263 Selleck St",Stamford,CT,06902,"Robert Ricucci (Stm Subaru & Kia)",203-883-8888,11981,"The Last Frontier, Inc.",,"59 Brighton Road",Andover,NJ,07821,"Brian Piccolo",908-223-7614,200.0,1G8AJ52FX4Z119752,2004,Saturn,Ion,2,"Small Car",1.0,paid,1,0,0,0,0,0
360169,13371,"Lambert Buick GMC",,"2409 Front St","Cuyahoga Falls",OH,44221,"Alex Tedrick",330-923-9771,17016,"H.E. McGonigal, Inc.","H.E. McGonigal Buick Cadillac GMC","2828 East Markland Ave",Kokomo,IN,46901,"Travis Shedron","765-252-0121 (Travis)",450.0,1GKKNVLS5HZ105374,2017,GMC,Acadia,SLT2,"Large Crossover/SUV",1.0,paid,1,0,0,0,0,0
361258,11679,"Mercedes-Benz of Warwick",,"1557 Bald Hill Rd",Warwick,RI,02886,"Erik Laberge",401-354-2747,20824,"G and f wholesale",,"15 rita ln",Albany,NY,12211,Michel,5189616338,325.0,4JGBB86EX8A354551,2008,Mercedes-Benz,"M Class",ML350,"Large Luxury Crossover/SUV",1.0,pending,0,0,0,0,0,0
361282,8139,"Planet Subaru, Inc.",,"596 Washington St",Hanover,MA,02339,"James Greene",781-826-4444,2259,"RY Motors, LLC",,"3395 Howlett Hill Road",Camillus,NY,13031,"Roman Bandura",315-877-6682,475.0,5UXWX5C55BL713888,2011,BMW,X3,XDrive28i,"Small Luxury Crossover/SUV",1.0,paid,1,0,0,0,0,0
360328,5794,"Audi South Burlington",,"1325 Shelburne Road","South Burlington",VT,05403,"David Swartz",802-861-3466,11962,"Brascar, Inc.",,"9 Sharon Court",Bethel,CT,06801,"Lucas Miranda Carrijo","203-417-4909 (Roy)",450.0,WA1BV74L37D083587,2007,Audi,Q7,Premium,"Large Luxury Crossover/SUV",1.0,pending,0,0,0,0,0,0
361186,8411,"Websmart Auto, Inc.",,"4621 West Ridge Road",Spencerport,NY,14559,"Guy Barbera","828-280-6734 - Jon",8713,"Bryon's Auto, LLC",,"172 Kelsey Street",Newington,CT,06111,"Jeremy Lee",860-296-1088,475.0,1N4AL24E69C178137,2009,Nissan,Altima,S,"Mid-Size Car",1.0,pending,0,0,0,0,0,0
360872,5800,"Flemington Ford",,"215 RT 202",Flemington,NJ,08822,"Pete Chicarelli",,8713,"Bryon's Auto, LLC",,"172 Kelsey Street",Newington,CT,06111,"Jeremy Lee",860-296-1088,300.0,JN8AZ18W99W102873,2009,Nissan,Murano,S,"Large Crossover/SUV",1.0,pending,0,0,0,0,0,0
360653,4364,"Planet Kia",,"3007 Scranton Carbondale Hwy.",Olyphant,PA,18447,"Tom Wegmann",570-382-3297,8713,"Bryon's Auto, LLC",,"172 Kelsey Street",Newington,CT,06111,"Jeremy Lee",860-296-1088,325.0,3FAHP07Z98R266346,2008,Ford,Fusion,SE,"Mid-Size Car",1.0,pending,0,0,0,0,0,0
360326,5812,"Colonial Cars Inc","Colonial Kia","2300 Walthall Center Drive",Chester,VA,23836,"Bill Houtz",804-431-3838,8713,"Bryon's Auto, LLC",,"172 Kelsey Street",Newington,CT,06111,"Jeremy Lee",860-296-1088,600.0,5XYKT3A18BG001094,2011,Kia,Sorento,LX,"Large Crossover/SUV",1.0,pending,0,0,0,0,0,0
360272,19090,"BETLEY CHEVROLET",,"50 N MAIN ST",Derry,NH,03038,"JOHN MACNEIL",603-434-1546,8713,"Bryon's Auto, LLC",,"172 Kelsey Street",Newington,CT,06111,"Jeremy Lee",860-296-1088,250.0,1GCEK19C99Z292808,2009,Chevrolet,"Silverado 1500",LS,Pickup,1.0,pending,0,0,0,0,0,0
360263,5751,"Nissan of Keene",,"544 Monadnock Highway",Swanzey,NH,03446,Tony,603-357-7945,8713,"Bryon's Auto, LLC",,"172 Kelsey Street",Newington,CT,06111,"Jeremy Lee",860-296-1088,225.0,1J4NF1FB1BD193736,2011,Jeep,Compass,Base,"Small Crossover/SUV",1.0,pending,0,0,0,0,0,0
360957,12560,"Chapman Chrysler Jeep Dodge",,"1100 Easton Road",Horsham,PA,19044,"Dave Mancinelli",215-674-3600,19796,"Used Cars Station LLC",,"4710, Hanover Pike",Manchester,MD,21102,"Almaz Kharisov",4435223798,225.0,1G1JC52F547303579,2004,Chevrolet,Cavalier,Base,"Small Car",1.0,pending,0,0,0,0,0,0
360974,15777,"Chapman Ford of Lancaster",,"5201 Manheim Pike","East Petersburg",PA,17520,"Tom Evans ",717-299-4331,3824,"Big T's Auto Sales LLC",,"1414 Broad St",Bloomfield,NJ,07003,"Anthony Tuminaro",973-844-9099,275.0,2A4GP54L36R666502,2006,Chrysler,"Town & Country",Touring,Minivan,1.0,pending,0,0,0,0,0,0
360030,7228,"Minuteman Volkswagen",,"39 North Road",Bedford,MA,01730,"Timmy Pullo",781-275-8000,9965,"Arrow Motors","1330 E. St. George Corp.","1330 E. St. George Ave",Linden,NJ,07036,"Robert Siciliano",908-486-9858,375.0,JN8AZ1MW5BW159079,2011,Nissan,Murano,SV,"Large Crossover/SUV",1.0,pending,0,0,0,0,0,0
360213,19544,"Parkway II, LLC","Newburgh Toyota Scion","218 Rt. 17k",Newburgh,NY,12550,"Mario Giordano",9144901521,9965,"Arrow Motors","1330 E. St. George Corp.","1330 E. St. George Ave",Linden,NJ,07036,"Robert Siciliano",908-486-9858,175.0,1HGCR2F53GA019696,2016,Honda,Accord,Sport,"Mid-Size Car",1.0,pending,0,0,0,0,0,0
360816,6287,"Pine Belt Automotive, Inc.","Pine Belt Automotive ","229 Route 37 East","Toms River",NJ,08753,"Michael Nickerson",732-349-3030,9965,"Arrow Motors","1330 E. St. George Corp.","1330 E. St. George Ave",Linden,NJ,07036,"Robert Siciliano",908-486-9858,125.0,2HGFB6E54FH702047,2015,Honda,Civic,Si,"Small Car",1.0,pending,0,0,0,0,0,0
361204,1889,"Sun Chevrolet, Inc",,"7542 Lakeport Road",Chittenango,NY,13037,"Peter Detor","315-350-7155 KENNY",16943,"Brad Meade's Downtown Motor Sales, LLC",,"226 South Front St",Fremont,OH,43420,"Brad Meade",419-680-1800,600.0,1GCEK14X28Z247931,2008,Chevrolet,"Silverado 1500",W/T,Pickup,1.0,pending,0,0,0,0,0,0
360050,4903,"M7 Motors","Volkswagen of Streetsboro","855 Classic Drive",Streetsboro,OH,44241,"Dominic Cinalli",216-322-7888,5567,"CarNation Auto Group, LLC",,"22180 Harrisburg Westville Rd ","North Benton",OH,44449,"Marcus Marsili",234-562-1011,125.0,1A8HW58PX7F526362,2007,Chrysler,Aspen,Limited,"Large Luxury Crossover/SUV",1.0,pending,0,0,0,0,0,0
361155,4481,"AAM Auto Sales, LLC","All American Mazda","575 Burnt Tavern Road",Brick,NJ,08724,"Greg Pfeffer","(732) 451-6848",18563,"Auttumn's Automotive, LLC",,"27 Maiden Lane",Lisbon,NY,13658,"Anthony Foti",315-323-7156,600.0,1FMCU93198KA76645,2008,Ford,Escape,XLT,"Small Crossover/SUV",1.0,pending,0,0,0,0,0,0
361210,1297,"Wholesale Cars Online, LLC","Sun Auto Warehouse","8010 Brewerton Road",Cicero,NY,13039,"Peter Detor","315-350-7155 KENNY",18563,"Auttumn's Automotive, LLC",,"27 Maiden Lane",Lisbon,NY,13658,"Anthony Foti",315-323-7156,250.0,JF1SG63626G759293,2006,Subaru,Forester,X,"Small Crossover/SUV",1.0,pending,0,0,0,0,0,0
361206,1889,"Sun Chevrolet, Inc",,"7542 Lakeport Road",Chittenango,NY,13037,"Peter Detor","315-350-7155 KENNY",18563,"Auttumn's Automotive, LLC",,"27 Maiden Lane",Lisbon,NY,13658,"Anthony Foti",315-323-7156,275.0,1G1ZC5E07CF265240,2012,Chevrolet,Malibu,LT,"Mid-Size Car",1.0,pending,0,0,0,0,0,0
360686,18842,"NOYES VOLKSWAGEN",,"18 PRODUCTION AVE",Keene,NH,03431,"SPENCER NOYES",6033577220,5245,"R & A Auto Sales, LLC",,"1171-1173 Park Ave",Cranston,RI,02910,"Roberto S. Gomez",401-275-6000,200.0,5TDDK3EH8BS054738,2011,Toyota,Highlander,Limited,"Large Crossover/SUV",0.0,pending,0,0,0,0,0,0
359795,817,"Mastel Ford, Inc","Mastel Ford Lincoln","1674 Olean Portville Road",Olean,NY,14760,"Matt Peters",716-372-7272,86,"Mark Shiffhauer","Mark's Auto & Paint","5202 Seneca St",Buffalo,NY,14224,"Mark Schiffauer",716-674-5788,150.0,3FADP4BJ2BM178380,2011,Ford,Fiesta,SE,other,0.0,pending,0,0,0,0,0,0
360869,5422,"FRANK GALOS CHEVROLET",,"884 Portland Rd",Saco,ME,04072,"James Allie",207-284-5986,3052,"Jamie Croyle","Croyle's Quality Cars","974 State Route 67","Ballston Spa",NY,12020,"Jamie Croyle",518-605-7588,425.0,1FTWW33F91EB44371,2001,Ford,F350SD,XLT,Pickup,1.0,pending,0,0,0,0,0,0
360552,15157,"Adirondack Transportation, LLC","Della Chevrolet Of Plattsburgh","170 Luzerne Road",Queensbury,NY,12804,"Joe Ruddy","518-2611591 Phil for Pick up",496,"John Spaccarelli","Spaccarelli, John","23 Old Route 6",Carmel,NY,10512,"John Spaccarelli",845-656-1888,275.0,JF1GE76689G520686,2009,Subaru,Impreza,WRX,"Small Car",1.0,pending,0,0,0,0,0,0
361312,6400,"Maguire cars LLC","Maguire Hyundai Maguire Subaru","154 Cecil Malone Drive",Ithaca,NY,14850,"Bobby Hobbs",607-273-8585,16591,"New Century Auto",,"949 w genesee st",Syracuse,NY,13204,"Mario Klisanin","315-396-5690 (Mario)",125.0,KNAFE161655072829,2005,Kia,Spectra5,SX,"Small Car",1.0,pending,0,0,0,0,0,0
360865,19349,"CNAC Little Rock",,"6055 Landers Rd","North Little Rock",AR,72117,"Matt Enderlin",5019751100,20802,"Dependable Pre-owned Vehicles",,"2723 South Mendenhall",Memphis,TN,38115,"Darius hester",19015460347,250.0,1FMCU04197KB80786,2007,Ford,Escape,Limited,"Small Crossover/SUV",1.0,pending,0,0,0,0,0,0
361399,5666,"Valley Volkswagen, Inc.",,"314 Lee Jackson Highway",Staunton,VA,24401,"Chris Huffman",540-213-9000,12003,"Carlotta Car Sales- Kingston, Inc.",,"303 Wyoming Ave",Kingston,PA,18704,"Charles Pompey",570-885-0656,450.0,1J4NF2GBXAD572835,2010,Jeep,Patriot,Sport,"Small Crossover/SUV",1.0,pending,0,0,0,0,0,0
361427,13328,"Juno USA Inc","City Mitsubishi","10575 Atlantic Blvd",Jacksonville,FL,32225,"Fawad Ahmad",904-565-2489,7718,autobuycenter.com,,"6145 Savannah Highway",Ravenel,SC,29470,"Jason Seabrook",843-225-5900,375.0,WDDNG71X27A103422,2007,Mercedes-Benz,"S Class",S550,"Luxury Car",1.0,pending,0,0,0,0,0,0
360930,17846,"LB Auto of 112, LLC","112 Mitsubishi","2004 Route 112",Medford,NY,11763,"Joe Lanza",631-758-2277,17050,"Courtesy Motors, Inc.","Courtesy Chrysler Jeep Dodge","440 28th St SE","Grand Rapids",MI,49548,"Jeffrey Hillard","616-241-9517 (Jeff direct line",1100.0,2B3CJ5DT1AH200797,2010,Dodge,Challenger,R/T,"Sporty Car",1.0,pending,0,0,0,0,0,0
361484,16777,"JONES CHEVROLET INC",,"21505 RT 6",Warren,PA,16365,"Jesse Milne",814-723-7222,11449,"D & A East Coast Auto Sales, LLC",,"1921 Buffalo Road",Erie,PA,16510,"Darrel J. Beason",814-315-1170,125.0,2G4WC582X71228893,2007,Buick,LaCrosse,CX,"Mid-Size Car",0.0,pending,0,0,0,0,0,0
361472,10340,"Great Lakes Ford, Inc.","Thayer Ford Nissan","18039 North Dixie Highway","Bowling Green",OH,43402,"Kyle Friedley",419-353-5271,13279,"Wilson & Wilson, Ltd","Integrity Automall","310 North Washington St",Tiffin,OH,44883,"Bob Wilson",419-447-7497,125.0,5GTDN136068141761,2006,Hummer,H3,,"Large Crossover/SUV",1.0,pending,0,0,0,0,0,0
361531,5769,"Kody Imports II, LLC","Waldorf Toyota","2600 Crain Highway",Waldorf,MD,20601,"Thomas Kody",301-843-3700,5075,"Dlawer A. Doski","Global Motors","115 Main Street",Binghamton,NY,13905,"Peko Doski",607-651-6203,450.0,3VWSE69M04M144943,2004,Volkswagen,Jetta,GLI,"Small Car",0.0,pending,0,0,0,0,0,0
361530,10006,"Molye Chevrolet Inc",,"115 West Main Street","Honeoye Falls",NY,14472,"Vito Arbore",585-512-8648,10598,"Roadmaster Motors, LLC",,"543 Concord Street",Holliston,MA,01746,"Patrick Ditucci",774-277-2836,500.0,2GTFK69U321384019,2002,GMC,"Sierra 1500",Denali,Pickup,1.0,pending,0,0,0,0,0,0
349911,807,"Matthews GM Chevy","Matthews GM Chevy","3721 Old Vestal Road",Vestal,NY,13850,"Jim Breward",607-798-8000,14016,"United Auto Wholesalers, LLC",,"3600 Airline Blvd",Portsmouth,VA,23701,"Adam Cherry",757-499-0006,600.0,WMEEJ31X18K095878,2008,Smart,fortwo,passion,"Small Car",1.0,pending,0,0,0,0,0,0
361577,4459,"Williams Toyota of Elmira (Vehicle Pickup @ J&R)",,"498 Glenmary Drive",Owego,NY,13831,"James Oppedisano","570-396-3810 Jess (J&R)",4315,"Brian M. Malchak",,"2272 Ridge Road","Mc Graw",NY,13101,"Brian M. Malchak",315-663-4025,150.0,5TDZK23C37S022830,2007,Toyota,Sienna,LE,Minivan,0.0,pending,0,0,0,0,0,0
361263,16276,"Dick Wickstrom Chevrolet, Inc.",,"555 East Irving Park Road",Roselle,IL,60172,"John Pontarelli",630-529-7070,13518,"city limits auto inc",,"901 west washington st",Woodstock,IL,60098,Steve,8153370700,125.0,1FTNF20557EA38381,2007,Ford,F250SD,XL,Pickup,0.0,pending,0,0,0,0,0,0
361318,6400,"Maguire cars LLC","Maguire Hyundai Maguire Subaru","154 Cecil Malone Drive",Ithaca,NY,14850,"Bobby Hobbs",607-273-8585,325,"Marina Dodge Chrysler, Inc.",,"941 Ridge Road",Webster,NY,14580,"Kurt Huffman",585-671-3000,225.0,4S3BNAC66F3051221,2015,Subaru,Legacy,Premium,"Mid-Size Car",1.0,to_be_floored,1,0,0,0,0,0
361622,320,"Lebrun, LLC","Lebrun Toyota","2435 State Route 332",Canandaigua,NY,14424,"Jeff Holtz",585-394-5280,4315,"Brian M. Malchak",,"2272 Ridge Road","Mc Graw",NY,13101,"Brian M. Malchak",315-663-4025,200.0,JTMBK31V786048585,2008,Toyota,RAV4,Limited,"Small Crossover/SUV",0.0,pending,0,0,0,0,0,0
360667,4364,"Planet Kia",,"3007 Scranton Carbondale Hwy.",Olyphant,PA,18447,"Tom Wegmann",570-382-3297,14327,"Ocean View",,"437 New Brunswick Ave",Fords,NJ,08863,"Ocean View",9084774389,,1GYDE637X40117356,2004,Cadillac,SRX,Base,other,1.0,paid,1,0,0,0,0,0
357517,19568,"Burns Buick GMC Inc",,"500, west Rte. 70",Marlton,NJ,08053,"GREGORY POLLICE",8569833700,6500,"Family Auto Brokers",,"632 W 1ST AVE",Roselle,NJ,07203,"Family Auto Brokers",9082412277,175.0,1G1ND52J23M530926,2003,Chevrolet,Malibu,Base,"Mid-Size Car",1.0,pending,0,0,0,0,0,0
361490,13064,"Waikem Motors","Waikem Economy","4012 Lincoln Way E",Massillon,OH,44646,"Ken Lyons",330-478-8199,13279,"Wilson & Wilson, Ltd","Integrity Automall","310 North Washington St",Tiffin,OH,44883,"Bob Wilson",419-447-7497,200.0,3G5DA03E24S513682,2004,Buick,Rendezvous,CX,"Large Crossover/SUV",1.0,pending,0,0,0,0,0,0
361539,15550,"Toyota of Cedar Park",,"5600 183A Toll Road",Leander,TX,78641,"Robert Heredia","512-388-2049 (Double R Towing)",14291,"Atlas Group, Inc.","Elite Auto Mall","5703 San Pedro Ave","San Antonio",TX,78212,"Armia Mazaheri",210-734-9000,200.0,JTEZU14R030009985,2003,Toyota,4Runner,SR5,"Large Crossover/SUV",0.0,pending,0,0,0,0,0,0
3611321,4558,"Liberty Automotive, LTD","Liberty Toyota","4397 Route 130 South",Burlington,NJ,08016,"Rodney Bohler","609-386-6300 ext. 6413",14327,"Ocean View",,"437 New Brunswick Ave",Fords,NJ,08863,"Ocean View",9084774389,125.0,5FNRL384X8B067113,2008,Honda,Odysset,EX,other,,,0,0,0,0,0,0
360188,9044,"Stanford Allen Chevrolet Cadillac",,"15180 South Dixie Highway",Monroe,MI,48161,"Ben Almester",734-242-4200,20533,"Art Auto Sales",,"450 Baltimore Summerset Rd",Baltimore,OH,43105,"Mack Hanna",614-301-8759,350.0,3VWRM71K89M024669,2009,Volkswagen,Jetta,SE,"Small Car",1.0,error,0,0,0,0,0,0
361098,13900,"Riata Ford",,"10507 Highway 290 East",Manor,TX,78653,"Travis Hall",512-454-3711,17580,"Pleasanton Truck Company",,"217 2nd St",Pleasanton,TX,78064,"Jason Smith",830-569-3447,225.0,3D7MX48C27G724285,2007,Dodge,"Ram 3500",SLT,Pickup,1.0,pending,0,0,0,0,0,0
360945,3468,"Northwest Hills Automotive",,"2065 East Main Street",Torrington,CT,06790,"Carman T. Dragone","(860) 482-0700",19150,"Great Bridge Auto Sales Corporation","Wine Automotive","343 North Battlefield Blvd, Suite 100",Chesapeake,VA,23320,"Jeffrey M. Wine",757-373-3693,625.0,1FBZX2ZG7GKA37080,2016,Ford,"T350 Vans",XLT,"Full-Size Van",1.0,to_be_floored,0,0,0,0,0,0
360802,9949,"MMCA 16, LLC","Della KIA","170 Luzerne Road",Queensbury,NY,12804,"Joe Ruddy","518-361-1591 Phil for Pick up",19208,"SMS Autowerks, LLC",,"39 Chambersbridge Rd Suite #124",Lakewood,NJ,08701,"James Keech",848-234-7969,400.0,1B3HB48B87D379764,2007,Dodge,Caliber,SXT,"Small Car",1.0,pending,0,0,0,0,0,0
361645,8677,"Global Motors Corp.","Global Auto Mall","1099 Route 22",Plainfield,NJ,07060,"Craig Horsch",908-757-4000,3824,"Big T's Auto Sales LLC",,"1414 Broad St",Bloomfield,NJ,07003,"Anthony Tuminaro",973-844-9099,125.0,1J8GR48K18C123455,2008,Jeep,"Grand Cherokee",Laredo,"Large Crossover/SUV",1.0,pending,0,0,0,0,0,0
361288,5186,"Tasca Automotive Group Inc","Tasca Ford","1300 Pontiac Avenue",Cranston,RI,02920,"Colton Capobianco",401-681-1300,18837,"Village Motors",,"227 Burnside Ave","East Hartford",CT,06108,"Gregory Mullins",8607296545,150.0,YV4982CZ4A1566094,2010,Volvo,XC90,,"Large Luxury Crossover/SUV",1.0,pending,0,0,0,0,0,0
539463,10738,"Cooper Chevrolet, Inc",,"1300 South Quintard Avenue",Anniston,AL,36207,"Chad M. Pearson",256-236-4481,9966,"Executive Automotive, LLC",,"945 Main Street","West Columbia",SC,29170,"David Westfall",803-400-2410,450.0,1YVHP84D345N89770,2004,Mazda,Mazda6,S,other,,,0,0,0,0,0,0
361815,16719,"Sames Bastrop CDJ, Inc.",,"1586 State Highway 71 West","Cedar Creek",TX,78612,"Robbie Robbins",512-772-2227,15427,"MRC, Inc. ","Plaza Auto Sales","7815 Hammerly Blvd",Houston,TX,77055,"Marvin McMurrey",713-682-1234,275.0,1GCEK19T21E191895,2001,Chevrolet,"Silverado 1500",LT,Pickup,0.0,pending,0,0,0,0,0,0
360987,18731,"CAIN BMW INC","Cain BMW","6461 WHIPPLE AVE NW","North Canton",OH,44720,"Randy Turner",330-494-5588,17030,"Bose Motors, Inc.",,"14030 South Cicero Ave",Crestwood,IL,60418,"Sean Bailey",708-897-9421,525.0,1GKEC13T05R181665,2005,GMC,Yukon,SLT,"Large Crossover/SUV",1.0,pending,0,0,0,0,0,0
360965,6737,"Steingold Auto Sales, LTD","Steingold Volvo","766 Broadway",Pawtucket,RI,02861,"Stephen M. Bernardo",401-723-4700,18837,"Village Motors",,"227 Burnside Ave","East Hartford",CT,06108,"Gregory Mullins",8607296545,225.0,YV1952AS6C1163829,2012,Volvo,S80,Base,other,1.0,paid,1,0,0,0,0,0
361507,10213,"Enterprise Rental Buffalo",,"245 Cayuga Road",Buffalo,NY,14225,"Jason Bolt",716-632-1115,13325,"AlbanyT, LLC","Northway Toyota Scion","727 New Loudon Road",Latham,NY,12110,"John Chidsey",518-783-1951,425.0,1GYKNFRS8JZ141083,2018,Cadillac,XT5,"Premium Luxury","Large Luxury Crossover/SUV",1.0,pending,0,0,0,0,0,0
361868,18682,"Lehigh Valley Motor Cars Inc.","Mercedes Benz Porsche Lehigh Valley","3401 Lehigh St.",Allentown,PA,18103,"Paul Goodwin",610-439-1555,12693,"Michaels Auto Center","Dick Michaels' Inc.","457 Old York Road","New Hope",PA,18938,"Barry Blount",215-862-9677,125.0,4JGAB57EX4A492383,2004,Mercedes-Benz,"M Class",ML350,"Large Luxury Crossover/SUV",1.0,pending,0,0,0,0,0,0
361880,13036,"Waikem Motors, Inc.","Waikem Hyundai","3748 Lincoln Way East",Massillon,OH,44646,"Joshua Tracy",234-521-7413,20379,"Selig Leasing Co. Inc.",,"2510 s.108th",Milwaukee,WI,53227,"Mark Gabardi",414-327-2100,625.0,2FMDK4KC2BBA40779,2011,Ford,Edge,Limited,"Large Crossover/SUV",1.0,pending,0,0,0,0,0,0
361896,20985,"James Motor Company",,"2440 Richmond Road",Lexington,KY,40502,"Eddie Barntley",8592681150,7348,"Motion Auto LLC",,"2962 Ariens Drive",Hebron,KY,41048,"Daniel J Bosch Jr.",859-240-4045,200.0,4JGBF7BE7AA596756,2010,Mercedes-Benz,"GL Class",GL450,"Large Luxury Crossover/SUV",1.0,pending,0,0,0,0,0,0
361881,232,"Wheatfield Village Motors, Inc.","Lia Honda","4891 Transit Road",Buffalo,NY,14221,"Kurt Schroeder",716-632-3323,11449,"D & A East Coast Auto Sales, LLC",,"1921 Buffalo Road",Erie,PA,16510,"Darrel J. Beason",814-315-1170,200.0,3VWEF71K87M133803,2007,Volkswagen,Jetta,Wolfsburg,"Small Car",1.0,pending,0,0,0,0,0,0
355593,11888,"Andy Mohr Kia",,"8789 East US Highway 36",Avon,IN,46123,"Jon Burgoni",317-713-1922,17525,"TLC Motors",,"206 North Truman Blvd","Crystal City",MO,63019,"Larry Crismon Jr.",636-543-3111,400.0,1G1ZB5E02CF194645,2012,Chevrolet,Malibu,LS,"Mid-Size Car",1.0,pending,0,0,0,0,0,0
361002,5794,"Audi South Burlington",,"1325 Shelburne Road","South Burlington",VT,05403,"David Swartz",802-861-3466,634,"Mapledale Motors, LLC",,"8096 State Route 12",Barneveld,NY,13304,"David Gleasman",315-725-6240,300.0,4S4BRBKC7D3316724,2013,Subaru,Outback,Limited,"Large Crossover/SUV",1.0,pending,0,0,0,0,0,0
361590,3232,"Fox Imports Inc","Fox Toyota Subaru","188 Grant Ave Road ",Auburn,NY,13021,"Robert Carlson",315-253-8739,19668,"Ted Britt Sterling Chevrolet LLC","Ted Britt Chevrolet","46990 HARRY BYRD HWY",Sterling,VA,20164,"GREGG M STEWART",7034507500,500.0,3GTP2VE31BG351247,2011,GMC,"Sierra 1500",SLE,Pickup,1.0,pending,0,0,0,0,0,0
360805,520,"Depaula Chevrolet, Inc.",,"1 Fairfield Ave",Albany,NY,12205,"Shawn Townsend","518-281-4413 (Shawn)",19668,"Ted Britt Sterling Chevrolet LLC","Ted Britt Chevrolet","46990 HARRY BYRD HWY",Sterling,VA,20164,"GREGG M STEWART",7034507500,525.0,1GNKVGKD4EJ137986,2014,Chevrolet,Traverse,LT,"Large Crossover/SUV",1.0,pending,0,0,0,0,0,0
361970,10362,"DCH NY Motors LLC","DCH Wappingers Falls Toyota Auto Group","1349 Route 9","Wappingers Falls",NY,12590,"Karl Boye",845-296-4207,10088,"Indy Auto Man, LLC",,"4031 South East St",Indianapolis,IN,46227,"Eugene Gorin",317-439-9826,900.0,JF2SH6CC0AH915168,2010,Subaru,Forester,"X Premium","Small Crossover/SUV",1.0,pending,1,0,0,0,0,0
361692,9900,"Portsmouth Chevrolet",,"549 US Highway 1 Bypass",Portsmouth,NH,03801,"Scott Desrosiers",603-436-5010,11399,"Ron's Auto Used Car Sales","Ron's Auto ","38 Mumford Drive","West Rutland",VT,05777,"Ronald Jensen",802-438-5434,300.0,1G1ZU63826F131221,2006,Chevrolet,Malibu,"LTZ Maxx","Mid-Size Car",1.0,pending,0,0,0,0,0,0
362049,5665,"Nissan of Staunton, Inc.","Valley Nissan of Staunton","297 Lee Jackson Highway",Staunton,VA,24401,"Chris Huffman",540-213-9000,13746,"Damas Auto, LLC",,"25358 Pleasant Valley Road, Suite120",Chantilly,VA,20152,"Ayham Khalaf",571-367-2933,250.0,3VWRF31Y18M400411,2008,Volkswagen,"New Beetle",SE,"Small Car",1.0,pending,0,0,0,0,0,0
361889,20632,"Phil Wright Autoplex",,"3300 E. Main",Russellville,AR,72811,"Brad Hottinger",4799681555,6820,"Lauer Motor Company LLC","Lauer Auto","226 E Ross Ave, Suite 104",Clearwater,KS,67026,"Jordan Lauer",316-992-2590,500.0,2T2HK31UX7C036337,2007,Lexus,"RX 350",,"Large Luxury Crossover/SUV",1.0,pending,0,0,0,0,0,0
362147,13900,"Riata Ford",,"10507 Highway 290 East",Manor,TX,78653,"Travis Hall",512-454-3711,14291,"Atlas Group, Inc.","Elite Auto Mall","5703 San Pedro Ave","San Antonio",TX,78212,"Armia Mazaheri",210-734-9000,200.0,JA4LS21H23J023991,2003,Mitsubishi,"Montero Sport",ES,"Large Crossover/SUV",1.0,pending,0,0,0,0,0,0
362100,16530,"Ingersoll Auto of Pawling, LLC",,"55 Route 22",Pawling,NY,12564,"Ryan Goldstein",845-878-6900,9399,"Rob's Quality Car Care of New Rochelle Inc.","New Rochelle Motors","730 Main Street","New Rochelle",NY,10801,"Chris Walls (NR Motors)",914-365-2022,125.0,4S3BMBP68D3044366,2013,Subaru,Legacy,Limited,"Mid-Size Car",1.0,pending,0,0,0,0,0,0
362174,19962,"Pioneer Used Auto & RV Sales Inc",,"4544 5th st Rd",Huntington,WV,25701,"JAMES RAMEY",304-522-6999,8681,"Elvis Auto Sales, LLC",,"6266 Division Ave South","Grand Rapids",MI,49548,"Amy Sarak",616-888-2106,600.0,3GNFK16Z83G150882,2003,Chevrolet,Suburban,"1500 LT","Large Crossover/SUV",1.0,pending,0,0,0,0,0,0
362057,10171,"Fenton Family Dealerships","Toyota Volvo of Keene","591 Monadnock Hwy",Swanzey,NH,03446,"Matthew Mead",603-354-5010,7665,"Bridgewater Vehicle Sales","Bridgewater Acura","1231 Route 22",Bridgewater,NJ,08807,"William Craig","908-370-1710 Bill",400.0,JF1VA1B60H9828282,2017,Subaru,WRX,Base,"Small Car",1.0,pending,1,0,0,0,0,0
362043,10171,"Fenton Family Dealerships","Toyota Volvo of Keene","591 Monadnock Hwy",Swanzey,NH,03446,"Matthew Mead",603-354-5010,12537,"Zinov Business Enterprise, Inc.","MBM Auto Sales","115 Lyanough Road",Hyannis,MA,02601,"Dmitry Zinov",508-778-8888,275.0,1J4GL48K74W294481,2004,Jeep,Liberty,Sport,"Small Crossover/SUV",1.0,pending,0,0,0,0,0,0
361893,9900,"Portsmouth Chevrolet",,"549 US Highway 1 Bypass",Portsmouth,NH,03801,"Scott Desrosiers",603-436-5010,12537,"Zinov Business Enterprise, Inc.","MBM Auto Sales","115 Lyanough Road",Hyannis,MA,02601,"Dmitry Zinov",508-778-8888,225.0,JN8AS5MT1DW515113,2013,Nissan,Rogue,S,"Small Crossover/SUV",1.0,pending,0,0,0,0,0,0
361981,5769,"Kody Imports II, LLC","Waldorf Toyota","2600 Crain Highway",Waldorf,MD,20601,"Thomas Kody",301-843-3700,20889,"Dukes Automotive LLC",,"614 S. Market",Lancaster,SC,29720,"Claude Lewis Mauldin Jr",8033132482,575.0,1C4BJWDG8GL289251,2016,Jeep,Wrangler,"Unlimited Sport","Small Crossover/SUV",1.0,pending,0,0,0,0,0,0
362315,325,"Marina Dodge Chrysler, Inc.",,"941 Ridge Road",Webster,NY,14580,"Kurt Huffman",585-671-3000,4180,"Discount Auto Sales",,"48 4th  Street",Passaic,NJ,07055,"Mehmet Arvasi",973-928-4848,425.0,1GC1KVEG4BF168628,2011,Chevrolet,"Silverado 2500",W/T,Pickup,1.0,pending,0,0,0,0,0,0
362369,13900,"Riata Ford",,"10507 Highway 290 East",Manor,TX,78653,"Travis Hall",512-454-3711,15349,"MCMC Auto Ltd.","Mike Carlson Motor Company","264 Exchange st",Burleson,TX,76028,"Mark Jones",817-529-7681,300.0,1FMCU0D76CKA06771,2012,Ford,Escape,XLT,"Small Crossover/SUV",1.0,pending,0,0,0,0,0,0
361198,3372,"3900 Sheridan Drive, LLC","Northtown Kia","3900 Sheridan Drive",Buffalo,NY,14226,"Kevin Hahn",716-217-2390,2009,"Northway Automotive",,"730 Route 68 ",Bordentown,NJ,08505,"Jerry Fido",973-663-3800,550.0,KNADM5A3XD6125373,2013,Kia,Rio,LX,"Small Car",1.0,pending,0,0,0,0,0,0
362365,1199,"Romeo Chevrolet Buick GMC, LLC",,"1665 Ulster Ave","Lake Katrine",NY,12449,"Joseph Romeo",518-361-2250,2936,"Connecticut Auto Center",,"503 New Haven Ave",Milford,CT,06460,"Sean Glynn",203-283-9043,200.0,2CNFLEEW3A6209877,2010,Chevrolet,Equinox,LT,"Small Crossover/SUV",1.0,pending,0,0,0,0,0,0
362286,8574,"Pfeiffer Lincoln Mercury Inc.",,"2424 28th St. SE","Grand Rapids",MI,49512,"Bob Hodges",616-949-7800,2726,"Sam's Used Cars, LLC",,"559 Putnam Avenue",Zanesville,OH,43701,"Gary Clark",740-453-0923,500.0,1GKLVLED6AJ152845,2010,GMC,Acadia,SLE,"Large Crossover/SUV",1.0,approved,1,0,0,0,0,0
362428,2025,"Falls Dodge, Inc.","Joe Cecconi's Chrysler Complex","2380 Military Road","Niagara Falls",NY,14304,"Casey Coram",716-297-5800,1945,"Smith's Auto Sales of Rimersburg",,"108 Reigel School Road",Rimersburg,PA,16248,"Dustin Smith",814-473-3802,375.0,3CZRU6H5XGM713357,2016,Honda,HR-V,EX,"Small Crossover/SUV",1.0,pending,0,0,0,0,0,0
362491,9567,"Vision Nissan Greece",,"4000 West Ridge Rd",Rochester,NY,14626,"Joe Minarik",585-227-3800,14619,"SG Used Autos","SG Used Autos","2160 Niagara Falls Blvd",Tonawanda,NY,14150,"Salvatore Gervasi",7163311074,150.0,1G3NL52E54C211914,2004,Oldsmobile,Alero,GL,"Mid-Size Car",1.0,pending,0,0,0,0,0,0
362511,10783,"Ed Koehn Ford Wayland, Inc.",,"1159 West Superior St",Wayland,MI,49348,"Jerry Connor",269-792-2205,16363,"Joe-K Used Cars",,"6741 Manchester Ave","Saint Louis",MO,63139,"Jason Pool",314-280-8920,600.0,JNKAY01F67M458966,2007,INFINITI,M35,Base,"Luxury Car",1.0,pending,0,0,0,0,0,0
362493,13562,"Winter Haven Dodge",,"299 Cypress Gardens Blvd","Winter Haven",FL,33880,"Clint Tunbill",863-595-2106,20891,"AUTO GALLERY LLC",,"165 Route 46",Lodi,NJ,07644,"Paul Mascitelli",973-955-2550,1150.0,WBSPM93519E201073,2009,BMW,M3,,"Luxury Car",1.0,pending,0,0,0,0,0,0
362152,9391,"Vision Buick GMC LLC",,"800 PANORAMA TRAIL",Rochester,NY,14625,"John C Pollard","585 586-6940",19701,"Drive Automotive, Inc.",,"5632 Odana Road",Madison,WI,53719,"Dan Swift",608-294-8848,850.0,SALMF1D45BA330130,2011,"Land Rover","Range Rover",HSE,"Large Luxury Crossover/SUV",1.0,pending,0,0,0,0,0,0
361573,16530,"Ingersoll Auto of Pawling, LLC",,"55 Route 22",Pawling,NY,12564,"Ryan Goldstein",845-878-6900,20274,"Diverse Auto Wholesale Inc",,"172 South Dunton Ave",Patchogue,NY,11772,"Alon Zemach",6316879699,400.0,1FTPX045X5KC07829,2005,Ford,F150,XLT,Pickup,1.0,pending,0,0,0,0,0,0
361265,6737,"Steingold Auto Sales, LTD","Steingold Volvo","766 Broadway",Pawtucket,RI,02861,"Stephen M. Bernardo",401-723-4700,11962,"Brascar, Inc.",,"9 Sharon Court",Bethel,CT,06801,"Lucas Miranda Carrijo","203-417-4909 (Roy)",250.0,WAU4FAFL7AA079196,2010,Audi,A4,Prestige,"Luxury Car",1.0,pending,0,0,0,0,0,0
362545,6313,"Nissan of Webster, LLC","Vision Nissan","785 Ridge Road",Webster,NY,14580,"Alan Antinarelli",585-787-2000,6504,"TD Motor Leasing LLC",,"117 Van Duzer Street","Staten Island",NY,10301,"Eliahow Aflalo",917-375-2084,650.0,1N4AL2AP0CC173867,2012,Nissan,Altima,S,"Mid-Size Car",0.0,pending,0,0,0,0,0,0
362178,5747,"Price Chevrolet Company","Jim Price Chevrolet","2150 Seminole Trail",Charlottesville,VA,22901,"Gary Coppa",800-572-3158,2257,"Grand Motors Inc",,"3400 Ogden Ave",Lisle,IL,60532,"Walid Mourad",630-424-8800,850.0,WA1LFAFP0BA043184,2011,Audi,Q5,"Premium Plus","Small Luxury Crossover/SUV",1.0,approved,1,0,0,0,0,0
362328,19553,"Alpha Ural of NH",,"108 Lafayette Rd","North Hampton",NH,03862,"Blake Veinotte",603-585-5085,389,"Adam Auto Agency, LLC",,"27 Columbia Street",Rensselaer,NY,12144,"Farhan Bhatti",518-210-8645,350.0,WAUDN94F08N095435,2008,Audi,S6,,"Luxury Car",1.0,pending,0,0,0,0,0,0
354760,11606,"Arundel Ford",,"1561 Portland Road",Kennebunkport,ME,04046,"Thomas Bureau",207-985-7171,10981,"RG Motorsports, LLC",,"145 Whiting Street",Plainville,CT,06062,"Ray Guevara",860-351-5627,350.0,1GT121CG5BF123175,2011,GMC,"Sierra 2500",SLT,Pickup,1.0,approved,1,0,0,0,0,0
362605,5557,"Hunter Corp.","Hunter Chevrolet Volvo Subaru Hyundai","2520 Asheville Highway",Hendersonville,NC,28791,"Aaron Jones",828-693-8661,4782,"Sweet Rides, LLC",,"2851 N Highway 101",Greer,SC,29651,"John Lodato",864-977-1292,125.0,WVWNL7AN7AE562468,2010,Volkswagen,CC,Sport,"Mid-Size Car",1.0,pending,0,0,0,0,0,0
362618,4879,"Haldeman Ford, Inc.","Haldeman Ford Subaru","607 NJ Highway 33",Trenton,NJ,08619,"Tim Lorang",609-586-7600,3203,"Leonard Perry Motors",,"945 Cedarbridge Ave",Brick,NJ,08723,"Jimmy Matera","7322026879 - FAX",125.0,1G2JB12F937229167,2003,Pontiac,Sunfire,SE,"Small Car",1.0,approved,1,0,0,0,0,0
362233,20937,"John Megel Chevrolet",,"1392 HWY 400 S",Dawsonville,GA,30534,"Eric Abernathy",7062655400,20889,"Dukes Automotive LLC",,"614 S. Market",Lancaster,SC,29720,"Claude Lewis Mauldin Jr",8033132482,375.0,4T1BF1FKXGU208472,2016,Toyota,Camry,LE,"Mid-Size Car",1.0,pending,0,0,0,0,0,0
362655,19546,"hyundai of wichita",,"757 n tyler rd",Wichita,KS,67212,"SPENCER CUSICK",3164408431,16363,"Joe-K Used Cars",,"6741 Manchester Ave","Saint Louis",MO,63139,"Jason Pool",314-280-8920,600.0,5NPEB4ACXBHO35263,2011,Hyundai,Sonata,GLS,"Mid-Size Car",1.0,pending,0,0,0,0,0,0
362589,1199,"Romeo Chevrolet Buick GMC, LLC",,"1665 Ulster Ave","Lake Katrine",NY,12449,"Joseph Romeo",518-361-2250,8616,"Checker Flag Auto LLC",,"2029 Bristol Pike",Croydon,PA,19021,"Matt Calkap",215-785-2212,300.0,1GTGG25V441224219,2004,GMC,"G2500 Vans",Savana,"Full-Size Van",1.0,pending,0,0,0,0,0,0
361326,17328,"All American Lincoln- Paramus","Lincoln of Paramus","670 NJ 17",Paramus,NJ,07652,"Bryan Strozza",201-262-4900,9274,"Full Throttle","Full Throttle","100 Throop Street",Palmyra,NY,14522,"Floyd Mazzucco",315-226-2132,425.0,2LMDU88C58BJ26044,2008,Lincoln,MKX,,"Large Luxury Crossover/SUV",1.0,approved,1,0,0,0,0,0
362259,20715,"Lewis Automotive of Garden City",,"1903 E HWY 50","Garden City",KS,67846,"William Kerschen",620-275-7171,2726,"Sam's Used Cars, LLC",,"559 Putnam Avenue",Zanesville,OH,43701,"Gary Clark",740-453-0923,1150.0,3GTEK13J48G262654,2008,GMC,"Sierra 1500",SLE,Pickup,1.0,approved,1,0,0,0,0,0
362686,6264,"Mac Motors, Inc.","Hartford Toyota Superstore","135 West Service Road",Hartford,CT,06120,"Rich McAllister Jr.",860-278-5411,9003,"King Richards' Auto Center",,"801 Taunton Ave","East Providence",RI,02914,"Richard Palumbo",401-434-6985,200.0,JF1GE61658H518338,2008,Subaru,Impreza,Base,"Small Car",1.0,pending,0,0,0,0,0,0
362318,427,"Haraden Motorcar Corp.","Mohawk Honda","175 Freemans Bridge Road",Schenectady,NY,12302,"Justin McGrath",518-370-4911,11341,"J & K Auto LLC","Eastmans auto","431 e montpelier rd",Barre,VT,05641,"Peter Tadros",8024764456,275.0,5J6YH28767L000726,2007,Honda,Element,EX,"Small Crossover/SUV",1.0,pending,0,0,0,0,0,0
362674,6264,"Mac Motors, Inc.","Hartford Toyota Superstore","135 West Service Road",Hartford,CT,06120,"Rich McAllister Jr.",860-278-5411,2347,"Oliverio Buick, Inc.",,"1110 Laurel Hill Road","Mc Donald",PA,15057,"Bill Oliverio",412-923-1828,650.0,1G1PG5SB4E7192990,2014,Chevrolet,Cruze,LTZ,"Small Car",1.0,pending,1,0,0,0,0,0
362699,2808,"Jim Curley Buick GMC",,"1399 River Avenue",Lakewood,NJ,08701,"Gary Stromberg",732-363-7400,3361,"Sanchez Motors LLC",,"512 Pennsylvania Ave ",Elizabeth,NJ,07201,"Luis Sanchez",908-469-0988,125.0,1D3HV13T19S775707,2009,Dodge,"Ram 1500",Laramie,Pickup,1.0,pending,0,0,0,0,0,0
362751,1889,"Sun Chevrolet, Inc",,"7542 Lakeport Road",Chittenango,NY,13037,"Peter Detor","315-350-7155 KENNY",10541,"Joseph R. Bucciarelli	","Papa's Auto Sales","7783 Martin Road",Lima,NY,14485,"Joe Buccarelli",,200.0,1GCEK19B16E153640,2006,Chevrolet,"Silverado 1500",LT,Pickup,1.0,pending,0,0,0,0,0,0
362595,17682,"Blevins Ford, Inc.",,"1136 US Highway 11",Gouverneur,NY,13642,"Dan Beachard",315-287-0200,14016,"United Auto Wholesalers, LLC",,"3600 Airline Blvd",Portsmouth,VA,23701,"Adam Cherry",757-499-0006,750.0,1FTNW21F63EA68426,2003,Ford,F250SD,Lariat,Pickup,0.0,pending,0,0,0,0,0,0
362748,1890,"Sun Auto Warehouse of Cortland",,"3870 State Route 281",Cortland,NY,13045,"Peter Detor","315-350-7155 (Kenny)",3169,"YLG Inc.",Autoleader,"6207 Reisterstown Road",Baltimore,MD,21215,"Andre Gelman",443-838-2465,450.0,3VWF17AT9FM646343,2015,Volkswagen,Beetle,Classic,"Small Car",1.0,pending,0,0,0,0,0,0
361950,19646,"Matthews Auto",,"3721 Old Vestal Road",Vestal,NY,13850,"Tom Wegmann",607-765-4386,4437,"Sensible Sales and Leasing",,"9916 Route 60",Fredonia,NY,14063,"Chuck Carlson",716-679-7000,375.0,1FAHP2F86EG100664,2014,Ford,Taurus,Limited,"Full-Size Car",1.0,pending,0,0,0,0,0,0
362754,1889,"Sun Chevrolet, Inc",,"7542 Lakeport Road",Chittenango,NY,13037,"Peter Detor","315-350-7155 KENNY",440,"MIG Auto Sales, Inc.",,"667 Central Ave",Albany,NY,12206,"Grigoriy Mikhelson",518-438-0176,225.0,1C4PJMAK0CW138013,2012,Jeep,Liberty,Sport,"Small Crossover/SUV",1.0,pending,0,0,0,0,0,0
362758,1889,"Sun Chevrolet, Inc",,"7542 Lakeport Road",Chittenango,NY,13037,"Peter Detor","315-350-7155 KENNY",440,"MIG Auto Sales, Inc.",,"667 Central Ave",Albany,NY,12206,"Grigoriy Mikhelson",518-438-0176,225.0,5NMSG13D47H102534,2007,Hyundai,"Santa Fe",GLS,"Small Crossover/SUV",1.0,pending,0,0,0,0,0,0
362449,6313,"Nissan of Webster, LLC","Vision Nissan","785 Ridge Road",Webster,NY,14580,"Alan Antinarelli",585-787-2000,12003,"Carlotta Car Sales- Kingston, Inc.",,"303 Wyoming Ave",Kingston,PA,18704,"Charles Pompey",570-885-0656,375.0,KMHHM66DX8U287366,2008,Hyundai,Tiburon,GS,"Sporty Car",1.0,pending,0,0,0,0,0,0
361343,5642,"Subaru of Staunton LLC","Valley Subaru","296 Lee Jackson HWY",Staunton,VA,24401,"Chris Huffman",540-213-9640,17543,"Shirlie Slack Mitsubishi",,"3475 Jeff Davis Highway",Fredericksburg,VA,22408,"Timothy McCarthy",703-431-7749,200.0,JM3ER293380180131,2008,Mazda,CX-7,,"Small Crossover/SUV",1.0,pending,0,0,0,0,0,0
362746,2808,"Jim Curley Buick GMC",,"1399 River Avenue",Lakewood,NJ,08701,"Gary Stromberg",732-363-7400,9003,"King Richards' Auto Center",,"801 Taunton Ave","East Providence",RI,02914,"Richard Palumbo",401-434-6985,400.0,1GKLRMED0AJ161065,2010,GMC,Acadia,SLT,"Large Crossover/SUV",1.0,pending,0,0,0,0,0,0
362784,10783,"Ed Koehn Ford Wayland, Inc.",,"1159 West Superior St",Wayland,MI,49348,"Jerry Connor",269-792-2205,4344,"Craig's Auto & R.V. Inc","Northpointe Motors, Inc.","3650 N. US 31 S.","Traverse City",MI,49684,"Dennis Craig",2316204967,275.0,1FMCU9E75CKB70001,2012,Ford,Escape,Limited,"Small Crossover/SUV",1.0,pending,1,0,0,0,0,0
362770,361,"Marchese Ford, Inc",,"14666 Route 22","New Lebanon",NY,12125,"Joseph A Marchese Jr",518-766-5000,4180,"Discount Auto Sales",,"48 4th  Street",Passaic,NJ,07055,"Mehmet Arvasi",973-928-4848,275.0,1FTWX3BY1AEA37928,2010,Ford,F350SD,Lariat,Pickup,0.0,pending,0,0,0,0,0,0
361712,16719,"Sames Bastrop CDJ, Inc.",,"1586 State Highway 71 West","Cedar Creek",TX,78612,"Robbie Robbins",512-772-2227,14291,"Atlas Group, Inc.","Elite Auto Mall","5703 San Pedro Ave","San Antonio",TX,78212,"Armia Mazaheri",210-734-9000,175.0,1FTYR14U04PB60601,2004,Ford,Ranger,XLT,Pickup,1.0,pending,0,0,0,0,0,0
361938,6675,"Steven Kay Eye A Inc.","Steven Kia","3340 S Main Street",Harrisonburg,VA,22801,"Tanner Johnson",5402770309,4621,"J&k Auto Clinic LLC",,"400 North Nanticoke ave",Endicott,NY,13760,"Ming Zhang",6077481834,500.0,2HGEJ6329YH103820,2000,Honda,Civic,CX,"Small Car",1.0,pending,0,0,0,0,1,0
362430,6256,"Burlington Volkswagen, Inc.","Burlington Volkswagen","4500 Route 130 North",Burlington,NJ,08016,"Melvin Rodriguez",609-534-7993,17168,"Glenside Auto Sales Company Inc",,"20 West Glenside Ave",Glenside,PA,19038,"Benjamin Catanese",215-884-4900,125.0,JM1BL1TG7D1708714,2013,Mazda,Mazda3,i,"Small Car",1.0,approved,1,0,0,0,0,0
361509,5769,"Kody Imports II, LLC","Waldorf Toyota","2600 Crain Highway",Waldorf,MD,20601,"Thomas Kody",301-843-3700,11988,"DJ Enterprises Auto, LLC",,"234 East Crescent Blvd",Collingswood,NJ,08108,"Jaime Guerrero",856-854-7839,300.0,5TEUX42N79Z644301,2009,Toyota,Tacoma,SR5,Pickup,0.0,pending,0,0,0,0,0,0
361819,649,"Robert Basil, Inc","Robert Basil Buick GMC Cadillac","3475 Southwestern Blvd","Orchard Park",NY,14127,"Jeff Buck",716-667-2000,8828,"Extreme Auto Sales",,"36320 Gratiot Ave","Clinton Township",MI,48035,"Dan Skurda",586-477-0658,400.0,3GNFK16358G278824,2008,Chevrolet,Suburban,"1500 LT","Large Crossover/SUV",1.0,pending,0,0,0,0,0,0
362780,3360,"Northtown World Auto Centre, LLC","Northtown Mazda","3920 Sheridan Drive",Buffalo,NY,14226,"Kevin Hahn",716-839-9600,20928,"Quality Automotive Group Inc","Quality Automotive Group","9010 jefferson davis hwy",Richmond,VA,23237,"Hector G Valenzuela",804-447-1754,625.0,JM1GJ1U56F1220835,2015,Mazda,Mazda6,"i Sport","Mid-Size Car",1.0,error,0,0,0,0,0,0
361741,807,"Matthews GM Chevy","Matthews GM Chevy","3721 Old Vestal Road",Vestal,NY,13850,"Jim Breward",607-798-8000,4315,"Brian M. Malchak",,"2272 Ridge Road","Mc Graw",NY,13101,"Brian M. Malchak",315-663-4025,125.0,2BCCZ8112HB541720,1987,Jeep,Wrangler,Base,"Small Crossover/SUV",0.0,pending,0,0,0,0,0,0
361331,1909,"Scoville Meno Chevy GMC",,"8 South Main St",Bainbridge,NY,13733,"Jake Scoville","607-967-2161- ask for ted",18563,"Auttumn's Automotive, LLC",,"27 Maiden Lane",Lisbon,NY,13658,"Anthony Foti",315-323-7156,375.0,2GCEK19J081318444,2008,Chevrolet,"Silverado 1500",W/T,Pickup,0.0,pending,0,0,0,0,0,0
361384,10368,"UAG Fairfield CA, LLC","Audi of Fairfield","435 Commerce Drive",Fairfield,CT,06825,"Chris Topham (Audi of Fairfield)",203-951-6570,5315,"MJ Traders LTD",,"610 River Drive",Garfield,NJ,07026,"Mark Gross",201-803-9784,125.0,JH4DC54896S016943,2006,Acura,RSX,Base,"Sporty Car",1.0,pending,0,0,0,0,0,0
362031,16530,"Ingersoll Auto of Pawling, LLC",,"55 Route 22",Pawling,NY,12564,"Ryan Goldstein",845-878-6900,8713,"Bryon's Auto, LLC",,"172 Kelsey Street",Newington,CT,06111,"Jeremy Lee",860-296-1088,150.0,1G11D5RR3DF105411,2013,Chevrolet,Malibu,Eco,"Mid-Size Car",1.0,pending,0,0,0,0,0,0
362413,6313,"Nissan of Webster, LLC","Vision Nissan","785 Ridge Road",Webster,NY,14580,"Alan Antinarelli",585-787-2000,8713,"Bryon's Auto, LLC",,"172 Kelsey Street",Newington,CT,06111,"Jeremy Lee",860-296-1088,450.0,1N4CL21E08C217509,2008,Nissan,Altima,Hybrid,"Mid-Size Car",1.0,pending,0,0,0,0,0,0
362479,9567,"Vision Nissan Greece",,"4000 West Ridge Rd",Rochester,NY,14626,"Joe Minarik",585-227-3800,8713,"Bryon's Auto, LLC",,"172 Kelsey Street",Newington,CT,06111,"Jeremy Lee",860-296-1088,475.0,3FAHP07129R171557,2009,Ford,Fusion,SE,"Mid-Size Car",1.0,pending,0,0,0,0,0,0
362324,9388,"Romeo Ford of Kingston, LLC",,"128 Route 28",Kingston,NY,12401,"Joseph Romeo",845-338-7800,8660,"Daytona Auto Sales","Daytona Auto Sales","166 Route 46 West","Little Ferry",NJ,07643,"John Velez",201-440-4445,200.0,1FMHK8D82BGA89927,2011,Ford,Explorer,XLT,"Large Crossover/SUV",1.0,pending,0,0,0,0,0,0
362588,5904,"Danbury Auto Partnership","Honda of Danbury","102 Federal Road",Danbury,CT,06810,"Todd Lemay (Honda of Danbury)",203-730-5699,6504,"TD Motor Leasing LLC",,"117 Van Duzer Street","Staten Island",NY,10301,"Eliahow Aflalo",917-375-2084,375.0,JN8AZ18W99W122038,2009,Nissan,Murano,S,"Large Crossover/SUV",1.0,pending,0,0,0,0,0,0
